<?xml version="1.0" encoding="utf-8"?>
<ode><userPreferences><userPreference><key>theme</key><value>base</value></userPreference></userPreferences><odeResources><odeResource><key>odeVersionId</key><value>20251116155331NHHYTJ</value></odeResource><odeResource><key>odeId</key><value>20251101070653QTNRUA</value></odeResource><odeResource><key>odeVersionName</key><value>0</value></odeResource><odeResource><key>isDownload</key><value>true</value></odeResource></odeResources><odeProperties><odeProperty><key>pp_title</key><value>La Música en la Edad Media</value></odeProperty><odeProperty><key>pp_lang</key><value>es</value></odeProperty><odeProperty><key>pp_author</key><value>Cristina Pérez Muñoz</value></odeProperty><odeProperty><key>license</key><value>creative commons: attribution - share alike 4.0</value></odeProperty><odeProperty><key>pp_description</key><value>Formación CPR en Competencia Digital Docente. Nivel B2 del MRCDD. (Telemático)</value></odeProperty><odeProperty><key>exportSource</key><value>true</value></odeProperty><odeProperty><key>pp_addExeLink</key><value>true</value></odeProperty><odeProperty><key>pp_exportElp</key><value>true</value></odeProperty><odeProperty><key>pp_addPagination</key><value>false</value></odeProperty><odeProperty><key>pp_addSearchBox</key><value>false</value></odeProperty><odeProperty><key>pp_addAccessibilityToolbar</key><value>false</value></odeProperty><odeProperty><key>pp_extraHeadContent</key><value/></odeProperty><odeProperty><key>footer</key><value/></odeProperty></odeProperties><odeNavStructures><odeNavStructure><odePageId>20251116155332ENCKRZ</odePageId><odeParentPageId/><pageName>Tarea 2.2. Guía Docente</pageName><odeNavStructureOrder>1</odeNavStructureOrder><odeNavStructureProperties><odeNavStructureProperty><key>titleNode</key><value>Tarea 2.2. Guía Docente</value></odeNavStructureProperty><odeNavStructureProperty><key>titleHtml</key><value/></odeNavStructureProperty><odeNavStructureProperty><key>editableInPage</key><value>false</value></odeNavStructureProperty><odeNavStructureProperty><key>titlePage</key><value>Tarea 2.2. Guía Docente</value></odeNavStructureProperty><odeNavStructureProperty><key>visibility</key><value>true</value></odeNavStructureProperty><odeNavStructureProperty><key>description</key><value/></odeNavStructureProperty></odeNavStructureProperties><odePagStructures><odePagStructure><odePageId>20251116155332ENCKRZ</odePageId><odeBlockId>20251116155332ABSHIM</odeBlockId><blockName>Guía Docente</blockName><iconName/><odePagStructureOrder>1</odePagStructureOrder><odePagStructureProperties><odePagStructureProperty><key>visibility</key><value>true</value></odePagStructureProperty><odePagStructureProperty><key>teacherOnly</key><value>false</value></odePagStructureProperty><odePagStructureProperty><key>allowToggle</key><value>true</value></odePagStructureProperty><odePagStructureProperty><key>minimized</key><value>false</value></odePagStructureProperty><odePagStructureProperty><key>identifier</key><value/></odePagStructureProperty><odePagStructureProperty><key>cssClass</key><value/></odePagStructureProperty></odePagStructureProperties><odeComponents><odeComponent><odePageId>20251116155332ENCKRZ</odePageId><odeBlockId>20251116155332ABSHIM</odeBlockId><odeIdeviceId>20251101080913497D1U</odeIdeviceId><odeIdeviceTypeName>text</odeIdeviceTypeName><htmlView>&lt;div class="exe-text-template"&gt;&lt;div class="textIdeviceContent"&gt;
            &lt;div class="exe-text-activity"&gt;
                &lt;div&gt;
            &lt;dl&gt;
                &lt;div class="inline"&gt;&lt;dt&gt;&lt;span title=""&gt;&lt;/span&gt;&lt;/dt&gt;&lt;dd&gt;&lt;/dd&gt;&lt;/div&gt;
                &lt;div class="inline"&gt;&lt;dt&gt;&lt;span title="Agrupamiento"&gt;Agrupamiento&lt;/span&gt;&lt;/dt&gt;&lt;dd&gt;26&lt;/dd&gt;&lt;/div&gt;
            &lt;/dl&gt;&lt;ul&gt;
&lt;li&gt;Contextualización:
&lt;ul&gt;
&lt;li&gt;La música en la Edad Media.&lt;/li&gt;
&lt;li&gt;3º ESO.&lt;/li&gt;
&lt;li&gt;Música.&lt;/li&gt;
&lt;/ul&gt;
&lt;/li&gt;
&lt;li&gt;Temporalización: 7 sesiones.&lt;/li&gt;
&lt;li&gt;Competencias clave:
&lt;ul&gt;
&lt;li&gt;Competencia en comunicación lingüística.&lt;/li&gt;
&lt;li&gt;Competencia matemática y en ciencia, tecnología e ingeniería (STEM).&lt;/li&gt;
&lt;li&gt;Competencia digital.&lt;/li&gt;
&lt;li&gt;Competencia personal, social y de aprender a aprender.&lt;/li&gt;
&lt;li&gt;Competencia en conciencia y expresión culturales.&amp;nbsp;&lt;/li&gt;
&lt;/ul&gt;
&lt;/li&gt;
&lt;li&gt;Objetivos o resultados de aprendizaje:
&lt;ul&gt;
&lt;li&gt;Identificar los géneros en la obra musical.&lt;/li&gt;
&lt;li&gt;Analizar una obra musical.&lt;/li&gt;
&lt;li&gt;Trabajar tanto de forma individual como en grupo, de manera colaborativa.&lt;/li&gt;
&lt;li&gt;Improvisar, a partir de unas consignas previamente dadas, una interpretación con percusión corporal.&lt;/li&gt;
&lt;li&gt;Interpretar música adaptada al nivel y su relevancia dentro de la cultura musical actual para desarrollar la escucha activa y las fórmulas de cortesía.&lt;/li&gt;
&lt;li&gt;Participar de forma activa y cooperativa en las interpretaciones instrumentales y coreográficas para ser conscientes de la importancia&lt;br&gt;de mantener un clima auto motivante y participativo.&lt;br&gt;&lt;/li&gt;
&lt;/ul&gt;
&lt;/li&gt;
&lt;li&gt;Saberes básicos o contenidos:
&lt;ul&gt;
&lt;li&gt;A. Escucha y percepción:
&lt;ul&gt;
&lt;li&gt;b. Obras musicales y dancísticas: análisis, descripción y valoración de sus características básicas. Géneros de la música y la danza.&lt;/li&gt;
&lt;li&gt;d. Compositores y compositoras, artistas e intérpretes internacionales, nacionales, regionales y locales.&lt;/li&gt;
&lt;li&gt;e. Conciertos, actuaciones musicales y otras manifestaciones artístico-musicales en vivo y registradas.&lt;/li&gt;
&lt;li&gt;f. Mitos, estereotipos y roles de género transmitidos a través de la música y la danza.&lt;/li&gt;
&lt;li&gt;g. Herramientas digitales para la recepción musical.&lt;/li&gt;
&lt;li&gt;h. Estrategias de búsqueda, selección y reelaboración de información fiable, pertinente y de calidad.&lt;/li&gt;
&lt;li&gt;i. Normas de comportamiento básicas en la recepción musical: respeto y valoración&lt;/li&gt;
&lt;/ul&gt;
&lt;/li&gt;
&lt;li&gt;B. Interpretación, improvisación y creación escénica.
&lt;ul&gt;
&lt;li&gt;a. La partitura: identificación y aplicación de grafías, lectura y escritura musical.&lt;/li&gt;
&lt;li&gt;b. Elementos básicos del lenguaje musical: parámetros del sonido, intervalos. Tonalidad: escalas musicales, la armadura y acordes básicos. Texturas. Formas musicales a lo largo de los periodos históricos y en la actualidad.&lt;/li&gt;
&lt;li&gt;c. Principales géneros musicales y escénicos del patrimonio cultural.&lt;/li&gt;
&lt;li&gt;d. Repertorio vocal, instrumental o corporal individual o grupal de distintos tipos de música del patrimonio musical propio y de otras culturas.&lt;/li&gt;
&lt;li&gt;e. Técnicas básicas para la interpretación: técnicas vocales, instrumentales y corporales, técnicas de estudio y de control de emociones.&lt;/li&gt;
&lt;li&gt;f. Técnicas de improvisación guiada y libre.&lt;/li&gt;
&lt;li&gt;g. Proyectos musicales y audiovisuales: empleo de la voz, el cuerpo, los instrumentos musicales, los medios y las aplicaciones tecnológicas.&lt;/li&gt;
&lt;li&gt;h. La propiedad intelectual y cultural: planteamientos éticos y responsables. Hábitos de consumo musical responsable.&lt;/li&gt;
&lt;li&gt;j. Normas de comportamiento y participación en actividades musicales.&lt;/li&gt;
&lt;/ul&gt;
&lt;/li&gt;
&lt;li&gt;C. Contextos y culturas.
&lt;ul&gt;
&lt;li&gt;a. Historia de la música y de la danza occidental: periodos, características, géneros, voces, instrumentos y agrupaciones.&lt;/li&gt;
&lt;/ul&gt;
&lt;/li&gt;
&lt;/ul&gt;
&lt;/li&gt;
&lt;li&gt;Metodología: La metodología didáctica de la materia de Música ha de ser principalmente práctica para que las competencias específicas asociadas a esta materia se alcancen mediante el aprendizaje vivencial del alumnado. La metodología empleada ha de tener en cuenta al alumnado como centro de aprendizaje, adquiriendo las competencias específicas de la materia a través de la propia experiencia, potenciando los ejercicios de escucha, interpretación y creación frente a la enseñanza teórica.&lt;/li&gt;
&lt;li&gt;Criterios de evaluación:
&lt;ul&gt;
&lt;li&gt;1.1. Identificar los principales rasgos estilísticos de obras musicales y dancísticas de diferentes épocas y culturas, evidenciando una actitud de apertura, interés y respeto en la escucha o el visionado de estas.&lt;/li&gt;
&lt;li&gt;1.2. Explicar, con actitud abierta y respetuosa, las funciones desempeñadas por determinadas producciones musicales y dancísticas, relacionándolas con las principales características de su contexto histórico, social y cultural.&lt;/li&gt;
&lt;li&gt;1.3. Establecer conexiones entre manifestaciones musicales y dancísticas de&lt;br&gt;diferentes épocas y culturas, valorando su influencia sobre la música y la danza actuales.&amp;nbsp;&lt;/li&gt;
&lt;li&gt;2.1. Participar, con iniciativa, confianza y creatividad, en la exploración de técnicas musicales y dancísticas básicas, por medio de improvisaciones pautadas, individuales o grupales, en las que se empleen la voz, el&lt;br&gt;cuerpo, instrumentos musicales o herramientas tecnológicas.&lt;/li&gt;
&lt;li&gt;3.1. Leer partituras sencillas, identificando de forma guiada los elementos básicos del lenguaje musical, con o sin apoyo de la audición.&lt;/li&gt;
&lt;li&gt;3.2. Emplear técnicas básicas de interpretación vocal, corporal o instrumental,&lt;br&gt;aplicando estrategias de memorización y valorando los ensayos como espacios de escucha y aprendizaje.&amp;nbsp;&lt;/li&gt;
&lt;li&gt;3.3. Interpretar con corrección piezas musicales y dancísticas sencillas,&lt;br&gt;individuales y grupales, dentro y fuera del aula, gestionando de forma guiada la ansiedad y el miedo escénico, y manteniendo la concentración.&lt;/li&gt;
&lt;li&gt;4.1. Planificar y desarrollar, con creatividad, propuestas artístico-musicales, tanto individuales como colaborativas, empleando medios musicales y dancísticos, así como herramientas analógicas y digitales.&lt;/li&gt;
&lt;li&gt;4.2. Participar activamente en la planificación y en la ejecución de propuestas&lt;br&gt;artístico-musicales colaborativas, valorando las aportaciones del resto de integrantes del grupo y descubriendo oportunidades de desarrollo personal, social, académico y profesional.&lt;/li&gt;
&lt;/ul&gt;
&lt;/li&gt;
&lt;/ul&gt;&lt;p class="clearfix"&gt;&lt;/p&gt;&lt;/div&gt;
            &lt;/div&gt;&lt;/div&gt;&lt;/div&gt;</htmlView><jsonProperties>{"ideviceId":"20251101080913497D1U","textInfoDurationInput":"","textInfoDurationTextInput":"Duración","textInfoParticipantsInput":"26","textInfoParticipantsTextInput":"Agrupamiento","textTextarea":"&lt;ul&gt;\n&lt;li&gt;Contextualización:\n&lt;ul&gt;\n&lt;li&gt;La música en la Edad Media.&lt;/li&gt;\n&lt;li&gt;3º ESO.&lt;/li&gt;\n&lt;li&gt;Música.&lt;/li&gt;\n&lt;/ul&gt;\n&lt;/li&gt;\n&lt;li&gt;Temporalización: 7 sesiones.&lt;/li&gt;\n&lt;li&gt;Competencias clave:\n&lt;ul&gt;\n&lt;li&gt;Competencia en comunicación lingüística.&lt;/li&gt;\n&lt;li&gt;Competencia matemática y en ciencia, tecnología e ingeniería (STEM).&lt;/li&gt;\n&lt;li&gt;Competencia digital.&lt;/li&gt;\n&lt;li&gt;Competencia personal, social y de aprender a aprender.&lt;/li&gt;\n&lt;li&gt;Competencia en conciencia y expresión culturales. &lt;/li&gt;\n&lt;/ul&gt;\n&lt;/li&gt;\n&lt;li&gt;Objetivos o resultados de aprendizaje:\n&lt;ul&gt;\n&lt;li&gt;Identificar los géneros en la obra musical.&lt;/li&gt;\n&lt;li&gt;Analizar una obra musical.&lt;/li&gt;\n&lt;li&gt;Trabajar tanto de forma individual como en grupo, de manera colaborativa.&lt;/li&gt;\n&lt;li&gt;Improvisar, a partir de unas consignas previamente dadas, una interpretación con percusión corporal.&lt;/li&gt;\n&lt;li&gt;Interpretar música adaptada al nivel y su relevancia dentro de la cultura musical actual para desarrollar la escucha activa y las fórmulas de cortesía.&lt;/li&gt;\n&lt;li&gt;Participar de forma activa y cooperativa en las interpretaciones instrumentales y coreográficas para ser conscientes de la importancia&lt;br /&gt;de mantener un clima auto motivante y participativo.&lt;br /&gt;&lt;/li&gt;\n&lt;/ul&gt;\n&lt;/li&gt;\n&lt;li&gt;Saberes básicos o contenidos:\n&lt;ul&gt;\n&lt;li&gt;A. Escucha y percepción:\n&lt;ul&gt;\n&lt;li&gt;b. Obras musicales y dancísticas: análisis, descripción y valoración de sus características básicas. Géneros de la música y la danza.&lt;/li&gt;\n&lt;li&gt;d. Compositores y compositoras, artistas e intérpretes internacionales, nacionales, regionales y locales.&lt;/li&gt;\n&lt;li&gt;e. Conciertos, actuaciones musicales y otras manifestaciones artístico-musicales en vivo y registradas.&lt;/li&gt;\n&lt;li&gt;f. Mitos, estereotipos y roles de género transmitidos a través de la música y la danza.&lt;/li&gt;\n&lt;li&gt;g. Herramientas digitales para la recepción musical.&lt;/li&gt;\n&lt;li&gt;h. Estrategias de búsqueda, selección y reelaboración de información fiable, pertinente y de calidad.&lt;/li&gt;\n&lt;li&gt;i. Normas de comportamiento básicas en la recepción musical: respeto y valoración&lt;/li&gt;\n&lt;/ul&gt;\n&lt;/li&gt;\n&lt;li&gt;B. Interpretación, improvisación y creación escénica.\n&lt;ul&gt;\n&lt;li&gt;a. La partitura: identificación y aplicación de grafías, lectura y escritura musical.&lt;/li&gt;\n&lt;li&gt;b. Elementos básicos del lenguaje musical: parámetros del sonido, intervalos. Tonalidad: escalas musicales, la armadura y acordes básicos. Texturas. Formas musicales a lo largo de los periodos históricos y en la actualidad.&lt;/li&gt;\n&lt;li&gt;c. Principales géneros musicales y escénicos del patrimonio cultural.&lt;/li&gt;\n&lt;li&gt;d. Repertorio vocal, instrumental o corporal individual o grupal de distintos tipos de música del patrimonio musical propio y de otras culturas.&lt;/li&gt;\n&lt;li&gt;e. Técnicas básicas para la interpretación: técnicas vocales, instrumentales y corporales, técnicas de estudio y de control de emociones.&lt;/li&gt;\n&lt;li&gt;f. Técnicas de improvisación guiada y libre.&lt;/li&gt;\n&lt;li&gt;g. Proyectos musicales y audiovisuales: empleo de la voz, el cuerpo, los instrumentos musicales, los medios y las aplicaciones tecnológicas.&lt;/li&gt;\n&lt;li&gt;h. La propiedad intelectual y cultural: planteamientos éticos y responsables. Hábitos de consumo musical responsable.&lt;/li&gt;\n&lt;li&gt;j. Normas de comportamiento y participación en actividades musicales.&lt;/li&gt;\n&lt;/ul&gt;\n&lt;/li&gt;\n&lt;li&gt;C. Contextos y culturas.\n&lt;ul&gt;\n&lt;li&gt;a. Historia de la música y de la danza occidental: periodos, características, géneros, voces, instrumentos y agrupaciones.&lt;/li&gt;\n&lt;/ul&gt;\n&lt;/li&gt;\n&lt;/ul&gt;\n&lt;/li&gt;\n&lt;li&gt;Metodología: La metodología didáctica de la materia de Música ha de ser principalmente práctica para que las competencias específicas asociadas a esta materia se alcancen mediante el aprendizaje vivencial del alumnado. La metodología empleada ha de tener en cuenta al alumnado como centro de aprendizaje, adquiriendo las competencias específicas de la materia a través de la propia experiencia, potenciando los ejercicios de escucha, interpretación y creación frente a la enseñanza teórica.&lt;/li&gt;\n&lt;li&gt;Criterios de evaluación:\n&lt;ul&gt;\n&lt;li&gt;1.1. Identificar los principales rasgos estilísticos de obras musicales y dancísticas de diferentes épocas y culturas, evidenciando una actitud de apertura, interés y respeto en la escucha o el visionado de estas.&lt;/li&gt;\n&lt;li&gt;1.2. Explicar, con actitud abierta y respetuosa, las funciones desempeñadas por determinadas producciones musicales y dancísticas, relacionándolas con las principales características de su contexto histórico, social y cultural.&lt;/li&gt;\n&lt;li&gt;1.3. Establecer conexiones entre manifestaciones musicales y dancísticas de&lt;br /&gt;diferentes épocas y culturas, valorando su influencia sobre la música y la danza actuales. &lt;/li&gt;\n&lt;li&gt;2.1. Participar, con iniciativa, confianza y creatividad, en la exploración de técnicas musicales y dancísticas básicas, por medio de improvisaciones pautadas, individuales o grupales, en las que se empleen la voz, el&lt;br /&gt;cuerpo, instrumentos musicales o herramientas tecnológicas.&lt;/li&gt;\n&lt;li&gt;3.1. Leer partituras sencillas, identificando de forma guiada los elementos básicos del lenguaje musical, con o sin apoyo de la audición.&lt;/li&gt;\n&lt;li&gt;3.2. Emplear técnicas básicas de interpretación vocal, corporal o instrumental,&lt;br /&gt;aplicando estrategias de memorización y valorando los ensayos como espacios de escucha y aprendizaje. &lt;/li&gt;\n&lt;li&gt;3.3. Interpretar con corrección piezas musicales y dancísticas sencillas,&lt;br /&gt;individuales y grupales, dentro y fuera del aula, gestionando de forma guiada la ansiedad y el miedo escénico, y manteniendo la concentración.&lt;/li&gt;\n&lt;li&gt;4.1. Planificar y desarrollar, con creatividad, propuestas artístico-musicales, tanto individuales como colaborativas, empleando medios musicales y dancísticos, así como herramientas analógicas y digitales.&lt;/li&gt;\n&lt;li&gt;4.2. Participar activamente en la planificación y en la ejecución de propuestas&lt;br /&gt;artístico-musicales colaborativas, valorando las aportaciones del resto de integrantes del grupo y descubriendo oportunidades de desarrollo personal, social, académico y profesional.&lt;/li&gt;\n&lt;/ul&gt;\n&lt;/li&gt;\n&lt;/ul&gt;","textFeedbackInput":"Mostrar retroalimentación","textFeedbackTextarea":""}</jsonProperties><odeComponentsOrder>1</odeComponentsOrder><odeComponentsProperties><odeComponentsProperty><key>visibility</key><value>true</value></odeComponentsProperty><odeComponentsProperty><key>teacherOnly</key><value>false</value></odeComponentsProperty><odeComponentsProperty><key>identifier</key><value/></odeComponentsProperty><odeComponentsProperty><key>cssClass</key><value/></odeComponentsProperty></odeComponentsProperties></odeComponent></odeComponents></odePagStructure><odePagStructure><odePageId>20251116155332ENCKRZ</odePageId><odeBlockId>20251116155332PWXPEG</odeBlockId><blockName>Texto</blockName><iconName/><odePagStructureOrder>2</odePagStructureOrder><odePagStructureProperties><odePagStructureProperty><key>visibility</key><value>true</value></odePagStructureProperty><odePagStructureProperty><key>teacherOnly</key><value>false</value></odePagStructureProperty><odePagStructureProperty><key>allowToggle</key><value>true</value></odePagStructureProperty><odePagStructureProperty><key>minimized</key><value>false</value></odePagStructureProperty><odePagStructureProperty><key>identifier</key><value/></odePagStructureProperty><odePagStructureProperty><key>cssClass</key><value/></odePagStructureProperty></odePagStructureProperties><odeComponents/></odePagStructure></odePagStructures></odeNavStructure><odeNavStructure><odePageId>20251116155332YNPFDS</odePageId><odeParentPageId/><pageName>Tarea 3. ACTIVIDADES</pageName><odeNavStructureOrder>2</odeNavStructureOrder><odeNavStructureProperties><odeNavStructureProperty><key>titleNode</key><value>Tarea 3. ACTIVIDADES</value></odeNavStructureProperty><odeNavStructureProperty><key>titleHtml</key><value/></odeNavStructureProperty><odeNavStructureProperty><key>editableInPage</key><value>false</value></odeNavStructureProperty><odeNavStructureProperty><key>titlePage</key><value>Tarea 3. ACTIVIDADES</value></odeNavStructureProperty><odeNavStructureProperty><key>visibility</key><value>true</value></odeNavStructureProperty><odeNavStructureProperty><key>description</key><value/></odeNavStructureProperty></odeNavStructureProperties><odePagStructures/></odeNavStructure><odeNavStructure><odePageId>20251116155332UURAZH</odePageId><odeParentPageId>20251116155332ENCKRZ</odeParentPageId><pageName>La Edad Media: esbozo de la secuencia didáctica</pageName><odeNavStructureOrder>1</odeNavStructureOrder><odeNavStructureProperties><odeNavStructureProperty><key>titleNode</key><value>La Edad Media: esbozo de la secuencia didáctica</value></odeNavStructureProperty><odeNavStructureProperty><key>titleHtml</key><value/></odeNavStructureProperty><odeNavStructureProperty><key>editableInPage</key><value>false</value></odeNavStructureProperty><odeNavStructureProperty><key>titlePage</key><value>La Edad Media: esbozo de la secuencia didáctica</value></odeNavStructureProperty><odeNavStructureProperty><key>visibility</key><value>true</value></odeNavStructureProperty><odeNavStructureProperty><key>description</key><value/></odeNavStructureProperty></odeNavStructureProperties><odePagStructures><odePagStructure><odePageId>20251116155332UURAZH</odePageId><odeBlockId>20251116155332XHLMOK</odeBlockId><blockName>Infografía</blockName><iconName/><odePagStructureOrder>1</odePagStructureOrder><odePagStructureProperties><odePagStructureProperty><key>visibility</key><value>true</value></odePagStructureProperty><odePagStructureProperty><key>teacherOnly</key><value>false</value></odePagStructureProperty><odePagStructureProperty><key>allowToggle</key><value>true</value></odePagStructureProperty><odePagStructureProperty><key>minimized</key><value>false</value></odePagStructureProperty><odePagStructureProperty><key>identifier</key><value/></odePagStructureProperty><odePagStructureProperty><key>cssClass</key><value/></odePagStructureProperty></odePagStructureProperties><odeComponents><odeComponent><odePageId>20251116155332UURAZH</odePageId><odeBlockId>20251116155332XHLMOK</odeBlockId><odeIdeviceId>20251102085553582KGR</odeIdeviceId><odeIdeviceTypeName>text</odeIdeviceTypeName><htmlView>&lt;div class="exe-text-template"&gt;&lt;div class="textIdeviceContent"&gt;
            &lt;div class="exe-text-activity"&gt;
                &lt;div&gt;&lt;p&gt;Antes de comenzar la situación de aprendizaje "La Música en la Edad Media", he aquí un breve esbozo de las partes de la misma en la siguiente &lt;a href="https://www.canva.com/design/DAG3b9D9gdU/cBTcaCgrxL_kplYp3dyIeg/edit?utm_content=DAG3b9D9gdU&amp;utm_campaign=designshare&amp;utm_medium=link2&amp;utm_source=sharebutton" target="_blank" id="link_1" rel="noopener"&gt;infografía&lt;/a&gt;.&amp;nbsp;&lt;/p&gt;
&lt;p&gt;&lt;img src="{{context_path}}/20251102085553582KGR/Edad_Media_Infografa_.png" title="Edad Media_Infografía" width="800" height="2000" alt="Infografía Edad Media Canva"&gt;&lt;/p&gt;
&lt;p&gt;&lt;br&gt;&lt;/p&gt;
&lt;p&gt;Tarea 2.2. Creamos recursos para explicar un contenido_Infografía Edad Media por Cristina Pérez Muñoz, 2025 — Licencia: &lt;a href="https://creativecommons.org/licenses/by-sa/4.0/"&gt;https://creativecommons.org/licenses/by-sa/4.0/&lt;/a&gt;&amp;nbsp;&lt;/p&gt;&lt;p class="clearfix"&gt;&lt;/p&gt;&lt;/div&gt;
            &lt;/div&gt;&lt;/div&gt;&lt;/div&gt;</htmlView><jsonProperties>{"ideviceId":"20251102085553582KGR","textInfoDurationInput":"","textInfoDurationTextInput":"Duración","textInfoParticipantsInput":"","textInfoParticipantsTextInput":"Agrupamiento","textTextarea":"&lt;p&gt;Antes de comenzar la situación de aprendizaje \"La Música en la Edad Media\", he aquí un breve esbozo de las partes de la misma en la siguiente &lt;a href=\"https://www.canva.com/design/DAG3b9D9gdU/cBTcaCgrxL_kplYp3dyIeg/edit?utm_content=DAG3b9D9gdU&amp;utm_campaign=designshare&amp;utm_medium=link2&amp;utm_source=sharebutton\" target=\"_blank\" id=\"link_1\" rel=\"noopener\"&gt;infografía&lt;/a&gt;. &lt;/p&gt;\n&lt;p&gt;&lt;img src=\"{{context_path}}/20251102085553582KGR/Edad_Media_Infografa_.png\" title=\"Edad Media_Infografía\" width=\"800\" height=\"2000\" alt=\"Infografía Edad Media Canva\" /&gt;&lt;/p&gt;\n&lt;p&gt;&lt;br /&gt;&lt;/p&gt;\n&lt;p&gt;Tarea 2.2. Creamos recursos para explicar un contenido_Infografía Edad Media por Cristina Pérez Muñoz, 2025 — Licencia: &lt;a href=\"https://creativecommons.org/licenses/by-sa/4.0/\"&gt;https://creativecommons.org/licenses/by-sa/4.0/&lt;/a&gt; &lt;/p&gt;","textFeedbackInput":"Mostrar retroalimentación","textFeedbackTextarea":""}</jsonProperties><odeComponentsOrder>1</odeComponentsOrder><odeComponentsProperties><odeComponentsProperty><key>visibility</key><value>true</value></odeComponentsProperty><odeComponentsProperty><key>teacherOnly</key><value>false</value></odeComponentsProperty><odeComponentsProperty><key>identifier</key><value/></odeComponentsProperty><odeComponentsProperty><key>cssClass</key><value/></odeComponentsProperty></odeComponentsProperties></odeComponent></odeComponents></odePagStructure></odePagStructures></odeNavStructure><odeNavStructure><odePageId>20251116155332TLTBVO</odePageId><odeParentPageId>20251116155332ENCKRZ</odeParentPageId><pageName>La notación musical: nacimiento, evolución y desarrollo</pageName><odeNavStructureOrder>2</odeNavStructureOrder><odeNavStructureProperties><odeNavStructureProperty><key>titleNode</key><value/></odeNavStructureProperty><odeNavStructureProperty><key>titleHtml</key><value/></odeNavStructureProperty><odeNavStructureProperty><key>editableInPage</key><value>false</value></odeNavStructureProperty><odeNavStructureProperty><key>titlePage</key><value>La notación musical: nacimiento, evolución y desarrollo</value></odeNavStructureProperty><odeNavStructureProperty><key>visibility</key><value>true</value></odeNavStructureProperty><odeNavStructureProperty><key>description</key><value/></odeNavStructureProperty></odeNavStructureProperties><odePagStructures><odePagStructure><odePageId>20251116155332TLTBVO</odePageId><odeBlockId>20251116155332ZIEUCF</odeBlockId><blockName>Edad Media: el origen de la escritura musical</blockName><iconName/><odePagStructureOrder>1</odePagStructureOrder><odePagStructureProperties><odePagStructureProperty><key>visibility</key><value>true</value></odePagStructureProperty><odePagStructureProperty><key>teacherOnly</key><value>false</value></odePagStructureProperty><odePagStructureProperty><key>allowToggle</key><value>true</value></odePagStructureProperty><odePagStructureProperty><key>minimized</key><value>false</value></odePagStructureProperty><odePagStructureProperty><key>identifier</key><value/></odePagStructureProperty><odePagStructureProperty><key>cssClass</key><value/></odePagStructureProperty></odePagStructureProperties><odeComponents><odeComponent><odePageId>20251116155332TLTBVO</odePageId><odeBlockId>20251116155332ZIEUCF</odeBlockId><odeIdeviceId>20251102091827264J3U</odeIdeviceId><odeIdeviceTypeName>text</odeIdeviceTypeName><htmlView>&lt;div class="exe-text-template"&gt;&lt;div class="textIdeviceContent"&gt;
            &lt;div class="exe-text-activity"&gt;
                &lt;div&gt;&lt;p&gt;&lt;strong&gt;Edad Media: el origen de la escritura musical&lt;/strong&gt;&lt;/p&gt;
&lt;p&gt;En sus inicios, la música se iba transmitiendo de forma oral de una generación a otra. Fue en la Edad Media cuando los monjes cristianos, entre cuyas principales tareas se encontraba el canto, comprendieron la necesidad de establecer un sistema de notación que pudiera transmitirse de una manera fiel y comprensible. Con este fin, empezaron a crear un modelo para dejar plasmada la música en papel, y poder leerla e interpretarla unívocamente.&lt;/p&gt;
&lt;p&gt;&lt;em&gt;De los neumas a la notación cuadrada y el tetragrama&lt;/em&gt;&lt;/p&gt;
&lt;p&gt;Antes del siglo X, la notación musical no era precisa, ya que las únicas indicaciones que había, los neumas, estaban en el propio texto e indicaban solo si la melodía era ascendente o descendente. Este sistema impedía cantar correctamente la pieza si no se tenía una mínima idea previa de cómo sonaba.&lt;/p&gt;
&lt;p&gt;Fue en el siglo X cuando comenzaron los intentos de crear formas de escritura musical, un tetragrama primero y después un pentagrama.&lt;/p&gt;
&lt;p&gt;&lt;img src="{{context_path}}/20251102091827264J3U/Imagen_IA_monje_copista.jpg" title="Imagen Bing IA_Monje copista" width="1024" height="1024" alt="https://sl.bing.net/ktgcOUoglum "&gt;&amp;nbsp;&lt;/p&gt;
&lt;p&gt;Monje copista_Generador de imágenes de Bing &lt;a href="https://sl.bing.net/ktgcOUoglum"&gt;https://sl.bing.net/ktgcOUoglum&lt;/a&gt;&amp;nbsp;&lt;br&gt;&lt;/p&gt;
&lt;p&gt;&lt;br&gt;&lt;/p&gt;
&lt;p&gt;Monje copista_Generador de imágenes de Bing por Cristina Pérez Muñoz, 2025 — Licencia: &lt;a href="https://creativecommons.org/licenses/by-sa/4.0/"&gt;https://creativecommons.org/licenses/by-sa/4.0/&lt;/a&gt;&amp;nbsp;&lt;/p&gt;&lt;p class="clearfix"&gt;&lt;/p&gt;&lt;/div&gt;
            &lt;/div&gt;&lt;/div&gt;&lt;/div&gt;</htmlView><jsonProperties>{"ideviceId":"20251102091827264J3U","textInfoDurationInput":"","textInfoDurationTextInput":"Duración","textInfoParticipantsInput":"","textInfoParticipantsTextInput":"Agrupamiento","textTextarea":"&lt;p&gt;&lt;strong&gt;Edad Media: el origen de la escritura musical&lt;/strong&gt;&lt;/p&gt;\n&lt;p&gt;En sus inicios, la música se iba transmitiendo de forma oral de una generación a otra. Fue en la Edad Media cuando los monjes cristianos, entre cuyas principales tareas se encontraba el canto, comprendieron la necesidad de establecer un sistema de notación que pudiera transmitirse de una manera fiel y comprensible. Con este fin, empezaron a crear un modelo para dejar plasmada la música en papel, y poder leerla e interpretarla unívocamente.&lt;/p&gt;\n&lt;p&gt;&lt;em&gt;De los neumas a la notación cuadrada y el tetragrama&lt;/em&gt;&lt;/p&gt;\n&lt;p&gt;Antes del siglo X, la notación musical no era precisa, ya que las únicas indicaciones que había, los neumas, estaban en el propio texto e indicaban solo si la melodía era ascendente o descendente. Este sistema impedía cantar correctamente la pieza si no se tenía una mínima idea previa de cómo sonaba.&lt;/p&gt;\n&lt;p&gt;Fue en el siglo X cuando comenzaron los intentos de crear formas de escritura musical, un tetragrama primero y después un pentagrama.&lt;/p&gt;\n&lt;p&gt;&lt;img src=\"{{context_path}}/20251102091827264J3U/Imagen_IA_monje_copista.jpg\" title=\"Imagen Bing IA_Monje copista\" width=\"1024\" height=\"1024\" alt=\"https://sl.bing.net/ktgcOUoglum \" /&gt; &lt;/p&gt;\n&lt;p&gt;Monje copista_Generador de imágenes de Bing &lt;a href=\"https://sl.bing.net/ktgcOUoglum\"&gt;https://sl.bing.net/ktgcOUoglum&lt;/a&gt; &lt;br /&gt;&lt;/p&gt;\n&lt;p&gt;&lt;br /&gt;&lt;/p&gt;\n&lt;p&gt;Monje copista_Generador de imágenes de Bing por Cristina Pérez Muñoz, 2025 — Licencia: &lt;a href=\"https://creativecommons.org/licenses/by-sa/4.0/\"&gt;https://creativecommons.org/licenses/by-sa/4.0/&lt;/a&gt; &lt;/p&gt;","textFeedbackInput":"Mostrar retroalimentación","textFeedbackTextarea":""}</jsonProperties><odeComponentsOrder>1</odeComponentsOrder><odeComponentsProperties><odeComponentsProperty><key>visibility</key><value>true</value></odeComponentsProperty><odeComponentsProperty><key>teacherOnly</key><value>false</value></odeComponentsProperty><odeComponentsProperty><key>identifier</key><value/></odeComponentsProperty><odeComponentsProperty><key>cssClass</key><value/></odeComponentsProperty></odeComponentsProperties></odeComponent></odeComponents></odePagStructure></odePagStructures></odeNavStructure><odeNavStructure><odePageId>20251116155332QTYSUC</odePageId><odeParentPageId>20251116155332ENCKRZ</odeParentPageId><pageName>Flipped Classroom </pageName><odeNavStructureOrder>3</odeNavStructureOrder><odeNavStructureProperties><odeNavStructureProperty><key>titleNode</key><value/></odeNavStructureProperty><odeNavStructureProperty><key>titleHtml</key><value/></odeNavStructureProperty><odeNavStructureProperty><key>editableInPage</key><value>false</value></odeNavStructureProperty><odeNavStructureProperty><key>titlePage</key><value>Flipped Classroom </value></odeNavStructureProperty><odeNavStructureProperty><key>visibility</key><value>true</value></odeNavStructureProperty><odeNavStructureProperty><key>description</key><value/></odeNavStructureProperty></odeNavStructureProperties><odePagStructures><odePagStructure><odePageId>20251116155332QTYSUC</odePageId><odeBlockId>20251116155332EJDKMZ</odeBlockId><blockName>Flipped Classroom</blockName><iconName/><odePagStructureOrder>1</odePagStructureOrder><odePagStructureProperties><odePagStructureProperty><key>visibility</key><value>true</value></odePagStructureProperty><odePagStructureProperty><key>teacherOnly</key><value>false</value></odePagStructureProperty><odePagStructureProperty><key>allowToggle</key><value>true</value></odePagStructureProperty><odePagStructureProperty><key>minimized</key><value>false</value></odePagStructureProperty><odePagStructureProperty><key>identifier</key><value/></odePagStructureProperty><odePagStructureProperty><key>cssClass</key><value/></odePagStructureProperty></odePagStructureProperties><odeComponents><odeComponent><odePageId>20251116155332QTYSUC</odePageId><odeBlockId>20251116155332EJDKMZ</odeBlockId><odeIdeviceId>2025110209390674615H</odeIdeviceId><odeIdeviceTypeName>text</odeIdeviceTypeName><htmlView>&lt;div class="exe-text-template"&gt;&lt;div class="textIdeviceContent"&gt;
            &lt;div class="exe-text-activity"&gt;
                &lt;div&gt;&lt;p&gt;¡Comenzamos con la Flipped Classroom!&lt;/p&gt;
&lt;p&gt;Os recuerdo las instrucciones:&lt;/p&gt;
&lt;ol&gt;
&lt;li id="link_2"&gt;Visualiza el &lt;a href="https://youtu.be/wrg1x7VICUA?t=234" target="_blank" id="link_4" rel="noopener" title=""&gt;vídeo completo sin preguntas&lt;/a&gt;.&lt;/li&gt;
&lt;li id="link_3"&gt;Visualiza de nuevo el &lt;a href="https://edpuzzle.com/assignments/69071a80b7c9582120d0d2a7/watch" target="_blank" rel="noopener" id="link_5" title=""&gt;vídeo&lt;/a&gt;, ahora realizando las preguntas.&lt;/li&gt;
&lt;/ol&gt;
&lt;p&gt;¡Comentamos en clase!&lt;/p&gt;
&lt;p&gt;&lt;br&gt;&lt;/p&gt;
&lt;p&gt;&lt;/p&gt;
&lt;p&gt;&lt;/p&gt;
&lt;p&gt;&lt;/p&gt;
&lt;p&gt;&lt;em id="link_6"&gt;Flipped Classroom Edad Media&lt;/em&gt; a partir de &lt;a href="https://www.youtube.com/watch?v=wrg1x7VICUA" target="_blank" rel="noopener"&gt;Pablo's Flipped Music Classroom&lt;/a&gt; por Cristina Pérez Muñoz, 2025 — Licencia: &lt;a href="https://creativecommons.org/licenses/by-sa/4.0/"&gt;https://creativecommons.org/licenses/by-sa/4.0/&lt;/a&gt;&amp;nbsp;&lt;/p&gt;
&lt;p&gt;&lt;br&gt;&lt;/p&gt;
&lt;p&gt;&lt;br&gt;&lt;/p&gt;&lt;p class="clearfix"&gt;&lt;/p&gt;&lt;/div&gt;
            &lt;/div&gt;&lt;/div&gt;&lt;/div&gt;</htmlView><jsonProperties>{"ideviceId":"2025110209390674615H","textInfoDurationInput":"","textInfoDurationTextInput":"Duración","textInfoParticipantsInput":"","textInfoParticipantsTextInput":"Agrupamiento","textTextarea":"&lt;p&gt;¡Comenzamos con la Flipped Classroom!&lt;/p&gt;\n&lt;p&gt;Os recuerdo las instrucciones:&lt;/p&gt;\n&lt;ol&gt;\n&lt;li id=\"link_2\"&gt;Visualiza el &lt;a href=\"https://youtu.be/wrg1x7VICUA?t=234\" target=\"_blank\" id=\"link_4\" rel=\"noopener\" title=\"\"&gt;vídeo completo sin preguntas&lt;/a&gt;.&lt;/li&gt;\n&lt;li id=\"link_3\"&gt;Visualiza de nuevo el &lt;a href=\"https://edpuzzle.com/assignments/69071a80b7c9582120d0d2a7/watch\" target=\"_blank\" rel=\"noopener\" id=\"link_5\" title=\"\"&gt;vídeo&lt;/a&gt;, ahora realizando las preguntas.&lt;/li&gt;\n&lt;/ol&gt;\n&lt;p&gt;¡Comentamos en clase!&lt;/p&gt;\n&lt;p&gt;&lt;br /&gt;&lt;/p&gt;\n&lt;p&gt;&lt;/p&gt;\n&lt;p&gt;&lt;/p&gt;\n&lt;p&gt;&lt;/p&gt;\n&lt;p&gt;&lt;em id=\"link_6\"&gt;Flipped Classroom Edad Media&lt;/em&gt; a partir de &lt;a href=\"https://www.youtube.com/watch?v=wrg1x7VICUA\" target=\"_blank\" rel=\"noopener\"&gt;Pablo's Flipped Music Classroom&lt;/a&gt; por Cristina Pérez Muñoz, 2025 — Licencia: &lt;a href=\"https://creativecommons.org/licenses/by-sa/4.0/\"&gt;https://creativecommons.org/licenses/by-sa/4.0/&lt;/a&gt; &lt;/p&gt;\n&lt;p&gt;&lt;br /&gt;&lt;/p&gt;\n&lt;p&gt;&lt;br /&gt;&lt;/p&gt;","textFeedbackInput":"Mostrar retroalimentación","textFeedbackTextarea":""}</jsonProperties><odeComponentsOrder>1</odeComponentsOrder><odeComponentsProperties><odeComponentsProperty><key>visibility</key><value>true</value></odeComponentsProperty><odeComponentsProperty><key>teacherOnly</key><value>false</value></odeComponentsProperty><odeComponentsProperty><key>identifier</key><value/></odeComponentsProperty><odeComponentsProperty><key>cssClass</key><value/></odeComponentsProperty></odeComponentsProperties></odeComponent></odeComponents></odePagStructure></odePagStructures></odeNavStructure><odeNavStructure><odePageId>20251116155332KRHHPW</odePageId><odeParentPageId>20251116155332YNPFDS</odeParentPageId><pageName>Actividad 1_Quiz medieval</pageName><odeNavStructureOrder>1</odeNavStructureOrder><odeNavStructureProperties><odeNavStructureProperty><key>titleNode</key><value>Actividad 1_Quiz medieval</value></odeNavStructureProperty><odeNavStructureProperty><key>titleHtml</key><value/></odeNavStructureProperty><odeNavStructureProperty><key>editableInPage</key><value>false</value></odeNavStructureProperty><odeNavStructureProperty><key>titlePage</key><value>Actividad 1_Quiz medieval</value></odeNavStructureProperty><odeNavStructureProperty><key>visibility</key><value>true</value></odeNavStructureProperty><odeNavStructureProperty><key>description</key><value/></odeNavStructureProperty></odeNavStructureProperties><odePagStructures><odePagStructure><odePageId>20251116155332KRHHPW</odePageId><odeBlockId>20251116155332ENHBXD</odeBlockId><blockName>Quiz Medieval</blockName><iconName>ask</iconName><odePagStructureOrder>1</odePagStructureOrder><odePagStructureProperties><odePagStructureProperty><key>visibility</key><value>true</value></odePagStructureProperty><odePagStructureProperty><key>teacherOnly</key><value>false</value></odePagStructureProperty><odePagStructureProperty><key>allowToggle</key><value>true</value></odePagStructureProperty><odePagStructureProperty><key>minimized</key><value>false</value></odePagStructureProperty><odePagStructureProperty><key>identifier</key><value/></odePagStructureProperty><odePagStructureProperty><key>cssClass</key><value/></odePagStructureProperty></odePagStructureProperties><odeComponents><odeComponent><odePageId>20251116155332KRHHPW</odePageId><odeBlockId>20251116155332ENHBXD</odeBlockId><odeIdeviceId>20251109220445052O6R</odeIdeviceId><odeIdeviceTypeName>form</odeIdeviceTypeName><htmlView>&lt;div class="exe-form-container"&gt;&lt;div class="game-evaluation-ids js-hidden" data-id="20251109220445052O6R" data-evaluationb="false" data-evaluationid="20251101070653QTNRUA"&gt;&lt;/div&gt;

            &lt;div id="frmMainContainer-20251109220445052O6R" class="form-IDevice" data-id="20251109220445052O6R"&gt;
                &lt;div class="form-Data js-hidden"&gt;{}&lt;/div&gt;
                &lt;div class="form-instructions"&gt;&lt;p&gt;Responde a las siguientes preguntas&lt;/p&gt;&lt;/div&gt;
                &lt;div class="FRMP-GameScoreBoard" style="display:none;"&gt;
                    &lt;div&gt;
                        &lt;strong&gt;&lt;span class="sr-av"&gt;Tiempo por pregunta:&lt;/span&gt;&lt;/strong&gt;
                        &lt;span id="frmPTime-20251109220445052O6R"&gt;00:00&lt;/span&gt;
                    &lt;/div&gt;
                &lt;/div&gt;
                &lt;div class="FRMP-StartGame" id="frmStartGameDiv-20251109220445052O6R" style="display:none;"&gt;
                      &lt;button  id="frmStartGame-20251109220445052O6R" type="button" class="btn btn-primary"&gt;Pulse aquí para empezar&lt;/button&gt;
                &lt;/div&gt;
                &lt;div class="form-body" id="frmBody-20251109220445052O6R" style="display:block;"&gt;
                    &lt;div class="FRMP-Questions"&gt;
                        &lt;div id="form-questions-20251109220445052O6R" &gt; &lt;/div&gt;
                        &lt;div id="frmCover-20251109220445052O6R" class="FRMP-Cover"&gt; &lt;/div&gt;
                    &lt;/div&gt;
                    
                    &lt;div id="resultsContainer-20251109220445052O6R" class="form-results-container inline"&gt;
                        &lt;div id="form-score-20251109220445052O6R" class="score-text"&gt;Puntuación.&lt;/div&gt;
                        &lt;div id="form-result-test-20251109220445052O6R" class="score-text phrase-score"&gt;&lt;/div&gt;
                    &lt;/div&gt;
                    &lt;div class="form-buttons-container inline"&gt;
                        &lt;input id="form-button-check-20251109220445052O6R" class="btn btn-primary" type="button" value="Comprobar"
                            data-id="20251109220445052O6R" data-pass-rate="" /&gt;
                        &lt;input id="form-button-reset-20251109220445052O6R" type="button" value="Reiniciar"
                            data-id="20251109220445052O6R" class="btn btn-primary"  style="display:none" /&gt;
                        &lt;input id="form-button-show-answers-20251109220445052O6R" class="btn btn-primary" type="button" value="Mostrar respuestas"
                            data-id="20251109220445052O6R" style="display: " /&gt;
                    &lt;/div&gt;
                &lt;/div&gt;
                &lt;div class="Games-BottonContainer"&gt;
                    &lt;div class="Games-GetScore"&gt;
                        &lt;input id="frmPSendScore-20251109220445052O6R" type="button" value="Guardar la puntuación" class="feedbackbutton Games-SendScore" style="display:none"/&gt; &lt;span class="Games-RepeatActivity"&gt;&lt;/span&gt;
                    &lt;/div&gt;
                &lt;/div&gt;
                &lt;div class="form-instructions"&gt;&lt;/div&gt;
            &lt;/div&gt;
            &lt;div class="questionsMedia" style="display:none"&gt;&lt;video width="274" height="137" controls="controls"&gt;
&lt;source src="https://www.youtubeeducation.com/watch?t=9&amp;v=cf1K60eZGI8"&gt;&lt;/video&gt;&lt;/div&gt;
            
            &lt;/div&gt;</htmlView><jsonProperties>{"ideviceId":"20251109220445052O6R","evaluation":false,"evaluationID":"20251101070653QTNRUA","repeatActivity":true,"isScorm":0,"textButtonScorm":"Guardar la puntuación","weighted":100,"msgs":{"msgScoreScorm":"La puntuación no se puede guardar porque esta página no forma parte  de un paquete SCORM.","msgYouScore":"Tu puntuación es","msgScore":"Puntuación","msgWeight":"Weight","msgYouLastScore":"La última puntuación guardada es","msgOnlySaveScore":"¡Solo puede guardar la puntuación una vez!","msgOnlySave":"Solo puede guardar una vez","msgOnlySaveAuto":"Su puntuación se guardará después de cada pregunta. Solo puede jugar una vez.","msgSaveAuto":"Su puntuación se guardará automáticamente después de cada pregunta.","msgSeveralScore":"Puede guardar la puntuación tantas veces como quiera","msgPlaySeveralTimes":"Puede realizar esta actividad cuantas veces quiera","msgActityComply":"Ya ha realizado esta actividad.","msgUncompletedActivity":"Actividad no completada","msgSuccessfulActivity":"Actividad superada. Puntuación: %s","msgUnsuccessfulActivity":"Actividad no superada. Puntuación: %s","msgTypeGame":"Formulario","msgStartGame":"Pulse aquí para empezar","msgTime":"Tiempo por pregunta","msgSaveScore":"Guardar la puntuación","msgResult":"Resultado","msgCheck":"Comprobar","msgReset":"Reiniciar","msgShowAnswers":"Mostrar respuestas","msgTestResultPass":"¡Felicidades! Has pasado la prueba","msgTestResultNotPass":"Lo siento. Has fallado la prueba","msgTrueFalseHelp":"Di si la afirmación es verdadera o falsa","msgDropdownHelp":"Elige la respuesta correcta entre las opciones propuestas","msgFillHelp":"Rellena los espacios en blanco con la palabra apropiada","msgSingleSelectionHelp":"Opción múltiple con solo una respuesta correcta","msgMultipleSelectionHelp":"Opción múltiple con varias respuestas correctas","msgPlayStart":"Pulse aquí para empezar","msgTrue":"Verdadero","msgFalse":"Falso","msgNext":"Siguiente","msgPrevious":"Anterior"},"id":"20251109220445052O6R","questionsRandom":false,"percentageQuestions":"100","time":"0","eXeFormInstructions":"&lt;p&gt;Responde a las siguientes preguntas&lt;/p&gt;","questionsData":[{"activityType":"selection","selectionType":"single","baseText":"&lt;p&gt;¿Qué tipos de música hay en la Edad Media?&lt;/p&gt;","answers":[[true,"Música religiosa y música profana"],[false,"Música con instrumentos y música sin instrumentos"],[false,"Música vocal, danza y poesía"],[false,"Salsa, pop y rock"]]},{"activityType":"true-false","baseText":"&lt;p&gt;La música profana es la música no religiosa&lt;/p&gt;","answer":"1"},{"activityType":"fill","baseText":"&lt;p&gt;Guido D'Arezzo inventó el &lt;u&gt;tetragrama&lt;/u&gt; y el nombre de las &lt;u&gt;notas musicales&lt;/u&gt;&lt;/p&gt;","capitalization":"true","strict":"true"},{"activityType":"selection","selectionType":"single","baseText":"&lt;p&gt;El Canto Gregoriano es...&lt;/p&gt;","answers":[[false,"Un canto profano"],[true,"Un canto monódico, en latín, religioso de la Edad Media"],[false,"El canto que cantaba el Papa Gregorio I en el siglo VI"],[false,"El canto de los trovadores medievales"]]},{"activityType":"selection","selectionType":"single","baseText":"&lt;p&gt;¿Qué instrumentos musicales se utilizaban en el canto gregoriano?&lt;/p&gt;","answers":[[false,"Órgano"],[false,"Arpa"],[false,"Guitarra"],[true,"Es a capella, no intervienen instrumentos musicales"]]},{"activityType":"selection","selectionType":"single","baseText":"&lt;p&gt;Características del canto gregoriano:&lt;/p&gt;","answers":[[true,"Solo cantan hombres, es la primera música escrita conservada"],[false,"Podían cantar hombres y mujeres, era fuera de la iglesia"],[false,"Se cantaba en fiestas con instrumentos"],[false,"Solo lo podían cantar los obispos y cardenales"]]},{"activityType":"fill","baseText":"&lt;p&gt;En el canto gregoriano el ritmo es &lt;u&gt;libre&lt;/u&gt;&lt;/p&gt;","capitalization":"true","strict":"true"},{"activityType":"selection","selectionType":"single","baseText":"&lt;p&gt;¿Cuál es la característica de la monodia?&lt;/p&gt;","answers":[[false,"Que tiene 2 o más melodías entrelazadas."],[true,"Que tiene solo una melodía."],[false,"Que tiene diferentes melodías con un ritmo igual."],[false,"Que tiene un melodía principal y un acompañamiento."]]},{"activityType":"selection","selectionType":"single","baseText":"&lt;p&gt;¿Monodia o polifonía?&lt;/p&gt;\n&lt;p&gt;&lt;video width=\"274\" height=\"137\" controls=\"controls\"&gt;\n&lt;source src=\"https://www.youtubeeducation.com/watch?t=9&amp;v=cf1K60eZGI8\"&gt;&lt;/video&gt;&lt;br&gt;&lt;/p&gt;","answers":[[false,"Monodia"],[false,"Polifonía homofónica"],[true,"Polifonía contrapuntística"],[false,"Melodía acompañada"]]}],"passRate":5,"addBtnAnswers":true,"eXeIdeviceTextAfter":"","showSlider":false}</jsonProperties><odeComponentsOrder>1</odeComponentsOrder><odeComponentsProperties><odeComponentsProperty><key>visibility</key><value>true</value></odeComponentsProperty><odeComponentsProperty><key>teacherOnly</key><value>false</value></odeComponentsProperty><odeComponentsProperty><key>identifier</key><value/></odeComponentsProperty><odeComponentsProperty><key>cssClass</key><value/></odeComponentsProperty></odeComponentsProperties></odeComponent></odeComponents></odePagStructure></odePagStructures></odeNavStructure><odeNavStructure><odePageId>20251116155332YXITEA</odePageId><odeParentPageId>20251116155332YNPFDS</odeParentPageId><pageName>Actividad 2_Crucigrama Instrumentos Musicales</pageName><odeNavStructureOrder>2</odeNavStructureOrder><odeNavStructureProperties><odeNavStructureProperty><key>titleNode</key><value>Actividad 2_Crucigrama Instrumentos Musicales</value></odeNavStructureProperty><odeNavStructureProperty><key>titleHtml</key><value/></odeNavStructureProperty><odeNavStructureProperty><key>editableInPage</key><value>false</value></odeNavStructureProperty><odeNavStructureProperty><key>titlePage</key><value>Actividad 2_Crucigrama Instrumentos Musicales</value></odeNavStructureProperty><odeNavStructureProperty><key>visibility</key><value>true</value></odeNavStructureProperty><odeNavStructureProperty><key>description</key><value/></odeNavStructureProperty></odeNavStructureProperties><odePagStructures><odePagStructure><odePageId>20251116155332YXITEA</odePageId><odeBlockId>20251116155332AELJPK</odeBlockId><blockName>Crucigrama Instrumentos Musicales</blockName><iconName>discuss</iconName><odePagStructureOrder>1</odePagStructureOrder><odePagStructureProperties><odePagStructureProperty><key>visibility</key><value>true</value></odePagStructureProperty><odePagStructureProperty><key>teacherOnly</key><value>false</value></odePagStructureProperty><odePagStructureProperty><key>allowToggle</key><value>true</value></odePagStructureProperty><odePagStructureProperty><key>minimized</key><value>false</value></odePagStructureProperty><odePagStructureProperty><key>identifier</key><value/></odePagStructureProperty><odePagStructureProperty><key>cssClass</key><value/></odePagStructureProperty></odePagStructureProperties><odeComponents><odeComponent><odePageId>20251116155332YXITEA</odePageId><odeBlockId>20251116155332AELJPK</odeBlockId><odeIdeviceId>202511092216459805RT</odeIdeviceId><odeIdeviceTypeName>crossword</odeIdeviceTypeName><htmlView>&lt;div class="crucigrama-IDevice"&gt;
       &lt;div class="game-evaluation-ids js-hidden" data-id="202511092216459805RT" data-evaluationb="false" data-evaluationid="20251101070653QTNRUA"&gt;&lt;/div&gt;
            &lt;div class="crucigrama-version js-hidden"&gt;1&lt;/div&gt;
            &lt;div class="crucigrama-feedback-game"&gt;&lt;/div&gt;
            &lt;div class="crucigrama-instructions gameQP-instructions"&gt;&lt;p&gt;Completa el siguiente crucigrama sobre instrumentos musicales medievales.&lt;/p&gt;&lt;/div&gt;
            &lt;div class="crucigrama-DataGame js-hidden"&gt;%E9%B0%E6%EB%E2%F7%D5%F3%FF%F7%B0%A8%B0%D1%E0%E7%F1%FB%F5%E0%F3%FF%F3%B0%BE%B0%FB%FC%E1%E6%E0%E7%F1%E6%FB%FD%FC%E1%B0%A8%B0%AE%E2%AC%D1%FD%FF%E2%FE%F7%E6%F3%B2%F7%FE%B2%E1%FB%F5%E7%FB%F7%FC%E6%F7%B2%F1%E0%E7%F1%FB%F5%E0%F3%FF%F3%B2%E1%FD%F0%E0%F7%B2%FB%FC%E1%E6%E0%E7%FF%F7%FC%E6%FD%E1%B2%FF%E7%E1%FB%F1%F3%FE%F7%E1%B2%FF%F7%F6%FB%F7%E4%F3%FE%F7%E1%BC%AE%BD%E2%AC%B0%BE%B0%E1%FA%FD%E5%DF%FB%FC%FB%FF%FB%E8%F7%B0%A8%F4%F3%FE%E1%F7%BE%B0%E1%FA%FD%E5%C1%FD%FE%E7%E6%FB%FD%FC%B0%A8%E6%E0%E7%F7%BE%B0%FB%E6%FB%FC%F7%E0%F3%E0%EB%B0%A8%E9%B0%E1%FA%FD%E5%D1%FE%E7%F7%B0%A8%F4%F3%FE%E1%F7%BE%B0%F1%FE%E7%F7%D5%F3%FF%F7%B0%A8%B0%B0%BE%B0%E2%F7%E0%F1%F7%FC%E6%F3%F5%F7%D1%FE%E7%F7%B0%A8%A6%A2%BE%B0%E1%FA%FD%E5%D1%FD%F6%F7%D3%F1%F1%F7%E1%E1%B0%A8%F4%F3%FE%E1%F7%BE%B0%F1%FD%F6%F7%D3%F1%F1%F7%E1%E1%B0%A8%B0%B0%BE%B0%FF%F7%E1%E1%F3%F5%F7%D1%FD%F6%F7%D3%F1%F1%F7%E1%E1%B0%A8%B0%B0%EF%BE%B0%E5%FD%E0%F6%E1%D5%F3%FF%F7%B0%A8%C9%E9%B0%E5%FD%E0%F6%B0%A8%B0%D1_%C6%D3%C0%D3%B0%BE%B0%F6%F7%F4%FB%FC%FB%E6%FB%FD%FC%B0%A8%B0%D1%DD%C0%D6A%D4%DD%DC%DD%B0%BE%B0%EA%B0%A8%A2%BE%B0%EB%B0%A8%A2%BE%B0%F3%E7%E6%FA%FD%E0%B0%A8%B0%B0%BE%B0%F3%FE%E6%B0%A8%B0%B0%BE%B0%E7%E0%FE%B0%A8%B0%F4%FB%FE%F7%E1%BD%E6%FF%E2%BD%A0%A2%A0%A7%BD%A3%A3%BD%A2%A3%BD%A0%A2%A0%A7%A3%A3%A2%A3%A2%A5%A2%A4%A7%A1%DF%DB%DC%D9%C2%CB%BD%A0%A2%A0%A7%A3%A3%A2%AB%A0%A0%A3%A4%A6%A7%AB%AA%A2%A7%C0%C6%BD%BD%F1%E6%F3%E0%F3%BC%F8%E2%F5%B0%BE%B0%F3%E7%F6%FB%FD%B0%A8%B0%B0%BE%B0%E2%F7%E0%F1%F7%FC%E6%F3%F5%F7%C1%FA%FD%E5%B0%A8%FC%E7%FE%FE%EF%BE%E9%B0%E5%FD%E0%F6%B0%A8%B0%C0%D3%D0%D7%DE%B0%BE%B0%F6%F7%F4%FB%FC%FB%E6%FB%FD%FC%B0%A8%B0%D1%DD%C0%D6A%D4%DD%DC%DD%B0%BE%B0%EA%B0%A8%A2%BE%B0%EB%B0%A8%A2%BE%B0%F3%E7%E6%FA%FD%E0%B0%A8%B0%B0%BE%B0%F3%FE%E6%B0%A8%B0%B0%BE%B0%E7%E0%FE%B0%A8%B0%F4%FB%FE%F7%E1%BD%E6%FF%E2%BD%A0%A2%A0%A7%BD%A3%A3%BD%A2%A3%BD%A0%A2%A0%A7%A3%A3%A2%A3%A2%A5%A2%A4%A7%A1%DF%DB%DC%D9%C2%CB%BD%A0%A2%A0%A7%A3%A3%A2%AB%A0%A0%A3%A4%A6%A7%AB%AA%A2%A7%C0%C6%BD%BD%C0%D3%D0%D7%DE%BC%F8%E2%F5%B0%BE%B0%F3%E7%F6%FB%FD%B0%A8%B0%B0%BE%B0%E2%F7%E0%F1%F7%FC%E6%F3%F5%F7%C1%FA%FD%E5%B0%A8%FC%E7%FE%FE%EF%BE%E9%B0%E5%FD%E0%F6%B0%A8%B0%D3%CA%D3%D0%D7%D0%D3%B0%BE%B0%F6%F7%F4%FB%FC%FB%E6%FB%FD%FC%B0%A8%B0%D3%D7%C0A%D4%DD%DC%DD%B0%BE%B0%EA%B0%A8%A2%BE%B0%EB%B0%A8%A2%BE%B0%F3%E7%E6%FA%FD%E0%B0%A8%B0%B0%BE%B0%F3%FE%E6%B0%A8%B0%B0%BE%B0%E7%E0%FE%B0%A8%B0%F4%FB%FE%F7%E1%BD%E6%FF%E2%BD%A0%A2%A0%A7%BD%A3%A3%BD%A2%A3%BD%A0%A2%A0%A7%A3%A3%A2%A3%A2%A5%A2%A4%A7%A1%DF%DB%DC%D9%C2%CB%BD%A0%A2%A0%A7%A3%A3%A2%AB%A0%A0%A3%A4%A6%A7%AB%AA%A2%A7%C0%C6%BD%BD%F3%EA%F3%F0%F7%F0%F3%CD%A3%BC%F8%E2%F5%B0%BE%B0%F3%E7%F6%FB%FD%B0%A8%B0%B0%BE%B0%E2%F7%E0%F1%F7%FC%E6%F3%F5%F7%C1%FA%FD%E5%B0%A8%FC%E7%FE%FE%EF%BE%E9%B0%E5%FD%E0%F6%B0%A8%B0%C6%D7%D8%DD%DE%D7%C6%D3%C1%B0%BE%B0%F6%F7%F4%FB%FC%FB%E6%FB%FD%FC%B0%A8%B0%DB%D6%DBA%D4%DD%DC%DD%B0%BE%B0%EA%B0%A8%A2%BE%B0%EB%B0%A8%A2%BE%B0%F3%E7%E6%FA%FD%E0%B0%A8%B0%B0%BE%B0%F3%FE%E6%B0%A8%B0%B0%BE%B0%E7%E0%FE%B0%A8%B0%F4%FB%FE%F7%E1%BD%E6%FF%E2%BD%A0%A2%A0%A7%BD%A3%A3%BD%A2%A3%BD%A0%A2%A0%A7%A3%A3%A2%A3%A2%A5%A2%A4%A7%A1%DF%DB%DC%D9%C2%CB%BD%A0%A2%A0%A7%A3%A3%A2%AB%A0%A0%A3%A4%A6%A7%AB%AA%A2%A7%C0%C6%BD%BD%C6%D7%D8%DD%DE%D7%C6%D3%C1%BC%F8%E2%F5%B0%BE%B0%F3%E7%F6%FB%FD%B0%A8%B0%B0%BE%B0%E2%F7%E0%F1%F7%FC%E6%F3%F5%F7%C1%FA%FD%E5%B0%A8%FC%E7%FE%FE%EF%BE%E9%B0%E5%FD%E0%F6%B0%A8%B0%D1%D3%C0%DB%DE%DEA%DC%B0%BE%B0%F6%F7%F4%FB%FC%FB%E6%FB%FD%FC%B0%A8%B0%DB%D6%DBA%D4%DD%DC%DD%B0%BE%B0%EA%B0%A8%A2%BE%B0%EB%B0%A8%A2%BE%B0%F3%E7%E6%FA%FD%E0%B0%A8%B0%B0%BE%B0%F3%FE%E6%B0%A8%B0%B0%BE%B0%E7%E0%FE%B0%A8%B0%F4%FB%FE%F7%E1%BD%E6%FF%E2%BD%A0%A2%A0%A7%BD%A3%A3%BD%A2%A3%BD%A0%A2%A0%A7%A3%A3%A2%A3%A2%A5%A2%A4%A7%A1%DF%DB%DC%D9%C2%CB%BD%A0%A2%A0%A7%A3%A3%A2%AB%A0%A0%A3%A4%A6%A7%AB%AA%A2%A7%C0%C6%BD%BD%D1%D3%C0%DB%DE%DE%DC%CD%D6%D7%CD%D1%D3%DF%C2%D3%DC%D3%C1%BC%F8%E2%F5%B0%BE%B0%F3%E7%F6%FB%FD%B0%A8%B0%B0%BE%B0%E2%F7%E0%F1%F7%FC%E6%F3%F5%F7%C1%FA%FD%E5%B0%A8%FC%E7%FE%FE%EF%BE%E9%B0%E5%FD%E0%F6%B0%A8%B0%D6%D3%C0%D0%C7%D9%D3%B0%BE%B0%F6%F7%F4%FB%FC%FB%E6%FB%FD%FC%B0%A8%B0%DF%D7%DF%D0%C0%D3%DCA%D4%DD%DC%DD%B0%BE%B0%EA%B0%A8%A2%BE%B0%EB%B0%A8%A2%BE%B0%F3%E7%E6%FA%FD%E0%B0%A8%B0%B0%BE%B0%F3%FE%E6%B0%A8%B0%B0%BE%B0%E7%E0%FE%B0%A8%B0%F4%FB%FE%F7%E1%BD%E6%FF%E2%BD%A0%A2%A0%A7%BD%A3%A3%BD%A2%A3%BD%A0%A2%A0%A7%A3%A3%A2%A3%A2%A5%A2%A4%A7%A1%DF%DB%DC%D9%C2%CB%BD%A0%A2%A0%A7%A3%A3%A2%AB%A0%A0%A3%A4%A6%A7%AB%AA%A2%A7%C0%C6%BD%BD%D6%D3%C0%D0%C7%D9%D3%BC%F8%E2%F5%B0%BE%B0%F3%E7%F6%FB%FD%B0%A8%B0%B0%BE%B0%E2%F7%E0%F1%F7%FC%E6%F3%F5%F7%C1%FA%FD%E5%B0%A8%FC%E7%FE%FE%EF%BE%E9%B0%E5%FD%E0%F6%B0%A8%B0%DE%D3H%D6%B0%BE%B0%F6%F7%F4%FB%FC%FB%E6%FB%FD%FC%B0%A8%B0%D1%DD%C0%D6A%D4%DD%DC%DD%B0%BE%B0%EA%B0%A8%A2%BE%B0%EB%B0%A8%A2%BE%B0%F3%E7%E6%FA%FD%E0%B0%A8%B0%B0%BE%B0%F3%FE%E6%B0%A8%B0%B0%BE%B0%E7%E0%FE%B0%A8%B0%F4%FB%FE%F7%E1%BD%E6%FF%E2%BD%A0%A2%A0%A7%BD%A3%A3%BD%A2%A3%BD%A0%A2%A0%A7%A3%A3%A2%A3%A2%A5%A2%A4%A7%A1%DF%DB%DC%D9%C2%CB%BD%A0%A2%A0%A7%A3%A3%A2%AB%A0%A0%A3%A4%A6%A7%AB%AA%A2%A7%C0%C6%BD%BD%DE%D3%C7%D6%BC%F8%E2%F5%B0%BE%B0%F3%E7%F6%FB%FD%B0%A8%B0%B0%BE%B0%E2%F7%E0%F1%F7%FC%E6%F3%F5%F7%C1%FA%FD%E5%B0%A8%FC%E7%FE%FE%EF%CF%BE%B0%FB%E1%C1%F1%FD%E0%FF%B0%A8%A2%BE%B0%FA%F3%E1%D0%F3%F1%F9%B0%A8%E6%E0%E7%F7%BE%B0%E7%E0%FE%D0%F3%F1%F9%B0%A8%B0%F4%FB%FE%F7%E1%BD%E6%FF%E2%BD%A0%A2%A0%A7%BD%A3%A3%BD%A2%A3%BD%A0%A2%A0%A7%A3%A3%A2%A3%A2%A5%A2%A4%A7%A1%DF%DB%DC%D9%C2%CB%BD%A0%A2%A0%A7%A3%A3%A2%AB%A0%A0%A3%A4%A6%A7%AB%AA%A2%A7%C0%C6%BD%BD%F6%F7%E1%F1%F3%E0%F5%F3%BC%F8%E2%F5%B0%BE%B0%E6%F7%EA%E6%D0%E7%E6%E6%FD%FC%C1%F1%FD%E0%FF%B0%A8%B0%D5%E7%F3%E0%F6%F3%E0%B2%FE%F3%B2%E2%E7%FC%E6%E7%F3%F1%FBa%FC%B0%BE%B0%E0%F7%E2%F7%F3%E6%D3%F1%E6%FB%E4%FB%E6%EB%B0%A8%E6%E0%E7%F7%BE%B0%E5%F7%FB%F5%FA%E6%F7%F6%B0%A8%A3%A2%A2%BE%B0%E6%F7%EA%E6%D4%F7%F7%F6%D0%F3%F1%F9%B0%A8%B0%B0%BE%B0%E6%F7%EA%E6%D3%F4%E6%F7%E0%B0%A8%B0%B0%BE%B0%F1%F3%E1%F7%C1%F7%FC%E1%FB%E6%FB%E4%F7%B0%A8%F4%F3%FE%E1%F7%BE%B0%E6%FB%FE%F6%F7%B0%A8%E6%E0%E7%F7%BE%B0%F4%F7%F7%F6%D0%F3%F1%F9%B0%A8%F4%F3%FE%E1%F7%BE%B0%E2%F7%E0%F1%F7%FC%E6%F3%F8%F7%D4%D0%B0%A8%A3%A2%A2%BE%B0%E4%F7%E0%E1%FB%FD%FC%B0%A8%A0%BE%B0%F7%E4%F3%FE%E7%F3%E6%FB%FD%FC%B0%A8%F4%F3%FE%E1%F7%BE%B0%F7%E4%F3%FE%E7%F3%E6%FB%FD%FC%DB%D6%B0%A8%B0%A0%A2%A0%A7%A3%A3%A2%A3%A2%A5%A2%A4%A7%A1%C3%C6%DC%C0%C7%D3%B0%BE%B0%E2%F7%E0%F1%F7%FC%E6%F3%F8%F7%C3%E7%F7%E1%E6%FB%FD%FC%E1%B0%A8%B0%A3%A2%A2%B0%BE%B0%F6%FB%F4%F4%FB%F1%E7%FE%E6%EB%B0%A8%B0%A3%A2%A2%B0%BE%B0%E6%FB%FF%F7%B0%A8%B0%A2%B0%BE%B0%F3%E7%E6%FA%FD%E0%D0%F3%F1%F9%DB%FF%F3%F5%F7%B0%A8%B0%B0%BE%B0%FB%F6%B0%A8%B0%A0%A2%A0%A7%A3%A3%A2%AB%A0%A0%A3%A4%A6%A7%AB%AA%A2%A7%C0%C6%B0%BE%B0%FF%E1%F5%E1%B0%A8%E9%B0%FF%E1%F5%C0%F7%E2%FE%EB%B0%A8%B0%C0%F7%E1%E2%FD%FC%F6%F7%E0%B0%BE%B0%FF%E1%F5%D7%FC%E6%F7%E0%D1%FD%F6%F7%B0%A8%B0%DB%FC%E6%E0%FD%F6%E7%E8%F1%F3%B2%F7%FE%B2%F1a%F6%FB%F5%FD%B2%F6%F7%B2%F3%F1%F1%F7%E1%FD%B0%BE%B0%FF%E1%F5%D7%E0%E0%FD%E0%D1%FD%F6%F7%B0%A8%B0%D7%FE%B2%F1a%F6%FB%F5%FD%B2%F6%F7%B2%F3%F1%F1%F7%E1%FD%B2%FC%FD%B2%F7%E1%B2%F1%FD%E0%E0%F7%F1%E6%FD%B0%BE%B0%FF%E1%F5%DB%FC%F6%FB%F1%F3%E6%F7%C5%FD%E0%F6%B0%A8%B0%C2%E0%FD%E2%FD%E0%F1%FB%FD%FC%F7%B2%E7%FC%F3%B2%E2%F3%FE%F3%F0%E0%F3%B2%FD%B2%F7%EA%E2%E0%F7%E1%FBa%FC%B0%BE%B0%FF%E1%F5%D1%FE%E7%F7%B0%A8%B03%D5%F7%FC%FB%F3%FE%B3%B2%DE%F3%B2%E2%FB%E1%E6%F3%B2%F7%E1%A8%B0%BE%B0%FF%E1%F5%D1%FD%F6%F7%D3%F1%F1%F7%E1%E1%B0%A8%B0%D1a%F6%FB%F5%FD%B2%F6%F7%B2%F3%F1%F1%F7%E1%FD%B0%BE%B0%FF%E1%F5%C0%F7%E3%E7%FB%E0%F7%F6%D3%F1%F1%F7%E1%E1%D9%F7%EB%B0%A8%B0%D7%E1%B2%FC%F7%F1%F7%E1%F3%E0%FB%FD%B2%F7%FE%B2%F1a%F6%FB%F5%FD%B2%F6%F7%B2%F3%F1%F1%F7%E1%FD%B0%BE%B0%FF%E1%F5%DB%FC%F4%FD%E0%FF%F3%E6%FB%FD%FC%DE%FD%FD%F9%FB%FC%F5%B0%A8%B03%D5%F7%FC%FB%F3%FE%B3%B2%DE%F3%B2%FB%FC%F4%FD%E0%FF%F3%F1%FBa%FC%B2%E3%E7%F7%B2%F7%E1%E6%F3%F0%F3%B2%F0%E7%E1%F1%F3%FC%F6%FD%B0%BE%B0%FF%E1%F5%C2%FE%F3%EB%C1%E6%F3%E0%E6%B0%A8%B0%C2%E7%FE%E1%F7%B2%F3%E3%E7%7F%B2%E2%F3%E0%F3%B2%F8%E7%F5%F3%E0%B0%BE%B0%FF%E1%F5%D7%E0%E0%FD%E0%E1%B0%A8%B0%D7%E0%E0%FD%E0%F7%E1%B0%BE%B0%FF%E1%F5%DA%FB%E6%E1%B0%A8%B0%D3%F1%FB%F7%E0%E6%FD%E1%B0%BE%B0%FF%E1%F5%C1%F1%FD%E0%F7%B0%A8%B0%C2%E7%FC%E6%E7%F3%F1%FBa%FC%B0%BE%B0%FF%E1%F5%C5%F7%FB%F5%FA%E6%B0%A8%B0%C2%F7%E1%FD%B0%BE%B0%FF%E1%F5%DF%FB%FC%FB%FF%FB%E8%F7%B0%A8%B0%DF%FB%FC%FB%FF%FB%E8%F3%E0%B0%BE%B0%FF%E1%F5%DF%F3%EA%FB%FF%FB%E8%F7%B0%A8%B0%DF%F3%EA%FB%FF%FB%E8%F3%E0%B0%BE%B0%FF%E1%F5%C6%FB%FF%F7%B0%A8%B0%DE%7F%FF%FB%E6%F7%B2%F6%F7%B2%E6%FB%F7%FF%E2%FD%B2%BA%FF%FF%A8%E1%E1%BB%B0%BE%B0%FF%E1%F5%D4%E7%FE%FE%C1%F1%E0%F7%F7%FC%B0%A8%B0%C2%F3%FC%E6%F3%FE%FE%F3%B2%D1%FD%FF%E2%FE%F7%E6%F3%B0%BE%B0%FF%E1%F5%D7%EA%FB%E6%D4%E7%FE%FE%C1%F1%E0%F7%F7%FC%B0%A8%B0%C1%F3%FE%FB%E0%B2%F6%F7%FE%B2%FF%FD%F6%FD%B2%E2%F3%FC%E6%F3%FE%FE%F3%B2%F1%FD%FF%E2%FE%F7%E6%F3%B0%BE%B0%FF%E1%F5%DC%E7%FF%C3%E7%F7%E1%E6%FB%FD%FC%E1%B0%A8%B0%DCh%FF%F7%E0%FD%B2%F6%F7%B2%E2%E0%F7%F5%E7%FC%E6%F3%E1%B0%BE%B0%FF%E1%F5%DC%FD%DB%FF%F3%F5%F7%B0%A8%B0%C2%E0%F7%F5%E7%FC%E6%F3%B2%E1%FB%FC%B2%FB%FFs%F5%F7%FC%F7%E1%B0%BE%B0%FF%E1%F5%D1%FD%FD%FE%B0%A8%B03%D0%FB%F7%FC%B3%B0%BE%B0%FF%F5%E1%D3%FE%FE%C3%E7%F7%E1%E6%FB%FD%FC%E1%B0%A8%B03%D1%FD%FF%E2%FE%F7%E6%F3%F6%F3%E1%B2%FE%F3%E1%B2%E2%E0%F7%F5%E7%FC%E6%F3%E1%B3%B0%BE%B0%FF%E1%F5%C1%E7%F1%F1%F7%E1%E1%F7%E1%B0%A8%B03%D1%FD%E0%E0%F7%F1%E6%FD%B3%B2%EE%B23%D7%EA%F1%F7%FE%F7%FC%E6%F7%B3%B2%EE%B23%D5%F7%FC%FB%F3%FE%B3%B2%EE%B23%DF%E7%EB%B2%F0%FB%F7%FC%B3%B2%EE%B23%C2%F7%E0%F4%F7%F1%E6%FD%B3%B0%BE%B0%FF%E1%F5%D4%F3%FB%FE%E7%E0%F7%E1%B0%A8%B03%DC%FD%B2%F7%E0%F3%B2%F7%E1%FD%B3%B2%EE%B23%DB%FC%F1%FD%E0%E0%F7%F1%E6%FD%B3%B2%EE%B23%DC%FD%B2%F7%E1%B2%F1%FD%E0%E0%F7%F1%E6%FD%B3%B2%EE%B23%DE%FD%B2%E1%F7%FC%E6%FB%FF%FD%E1%B3%B2%EE%B23%D7%E0%E0%FD%E0%B3%B0%BE%B0%FF%E1%F5%C6%E0%EB%D3%F5%F3%FB%FC%B0%A8%B0%DC%F7%F1%F7%E1%FB%E6%F3%E1%B2%F3%FE%B2%FF%F7%FC%FD%E1%B2%B7%E1%B7%B2%F6%F7%B2%E0%F7%E1%E2%E7%F7%E1%E6%F3%E1%B2%F1%FD%E0%E0%F7%F1%E6%F3%E1%B2%E2%F3%E0%F3%B2%FD%F0%E6%F7%FC%F7%E0%B2%FE%F3%B2%FB%FC%F4%FD%E0%FF%F3%F1%FBa%FC%BC%B2%DB%FC%E6%7B%FC%E6%F3%FE%FD%B2%F6%F7%B2%FC%E7%F7%E4%FD%BC%B0%BE%B0%FF%E1%F5%C5%E0%FD%E6%F7%B0%A8%B0%D7%E1%F1%E0%FB%F0%F3%B2%FE%F3%B2%E2%F3%FE%F3%F0%E0%F3%B2%F1%FD%E0%E0%F7%F1%E6%F3%B2%EB%B2%E2%E7%FE%E1%F7%B2%F7%FC%B2%C0%F7%E1%E2%FD%FC%F6%F7%E0%BC%B2%C1%FB%B2%F6%E7%F6%F3%BE%B2%E2%E7%FE%E1%F7%B2%F7%FC%B2%C1%F7%F5%E7%FB%E0%BC%B0%BE%B0%FF%E1%F5%D7%FC%F6%D5%F3%FF%F7%C1%F1%FD%E0%F7%B0%A8%B0%D3%FC%E6%F7%E1%B2%F6%F7%B2%F5%E7%F3%E0%F6%F3%E0%B2%FE%F3%B2%E2%E7%FC%E6%E7%F3%F1%FBa%FC%B2%F1%FD%FF%FB%F7%FC%F1%F7%B2%FE%F3%B2%E2%F3%E0%E6%FB%F6%F3%BC%B0%BE%B0%FF%E1%F5%C1%F1%FD%E0%F7%C1%F1%FD%E0%FF%B0%A8%B0%DE%F3%B2%E2%E7%FC%E6%E7%F3%F1%FBa%FC%B2%FC%FD%B2%E1%F7%B2%E2%E7%F7%F6%F7%B2%F5%E7%F3%E0%F6%F3%E0%B2%E2%FD%E0%E3%E7%F7%B2%F7%E1%E6%F3%B2%E2s%F5%FB%FC%F3%B2%FC%FD%B2%F4%FD%E0%FF%F3%B2%E2%F3%E0%E6%F7%B2%B2%F6%F7%B2%E7%FC%B2%E2%F3%E3%E7%F7%E6%F7%B2%C1%D1%DD%C0%DF%BC%B0%BE%B0%FF%E1%F5%DD%FC%FE%EB%C1%F3%E4%F7%C1%F1%FD%E0%F7%B0%A8%B03%C1%FD%FE%FD%B2%E2%E7%F7%F6%F7%B2%F5%E7%F3%E0%F6%F3%E0%B2%FE%F3%B2%E2%E7%FC%E6%E7%F3%F1%FBa%FC%B2%E7%FC%F3%B2%E4%F7%E8%B3%B0%BE%B0%FF%E1%F5%DD%FC%FE%EB%C1%F3%E4%F7%B0%A8%B0%C1%FD%FE%FD%B2%E2%E7%F7%F6%F7%B2%F5%E7%F3%E0%F6%F3%E0%B2%E7%FC%F3%B2%E4%F7%E8%B0%BE%B0%FF%E1%F5%DB%FC%F4%FD%E0%FF%F3%E6%FB%FD%FC%B0%A8%B0%DB%FC%F4%FD%E0%FF%F3%F1%FBa%FC%B0%BE%B0%FF%E1%F5%CB%FD%E7%C1%F1%FD%E0%F7%B0%A8%B0%C1%E7%B2%E2%E7%FC%E6%E7%F3%F1%FBa%FC%B0%BE%B0%FF%E1%F5%D3%E7%E6%FA%FD%E0%B0%A8%B0%D3%E7%E6%FD%E0%7F%F3%B0%BE%B0%FF%E1%F5%DD%FC%FE%EB%C1%F3%E4%F7%D3%E7%E6%FD%B0%A8%B0%C1%E7%B2%E2%E7%FC%E6%E7%F3%F1%FBa%FC%B2%E1%F7%B2%F5%E7%F3%E0%F6%F3%E0s%B2%F6%F7%E1%E2%E7%7B%E1%B2%F6%F7%B2%F1%F3%F6%F3%B2%E2%E0%F7%F5%E7%FC%E6%F3%BC%B2%C1%FD%FE%FD%B2%E2%E7%F7%F6%F7%B2%F8%E7%F5%F3%E0%B2%E7%FC%F3%B2%E4%F7%E8%BC%B0%BE%B0%FF%E1%F5%C1%F3%E4%F7%D3%E7%E6%FD%B0%A8%B0%C1%E7%B2%E2%E7%FC%E6%E7%F3%F1%FBa%FC%B2%E1%F7%B2%F5%E7%F3%E0%F6%F3%E0s%B2%F3%E7%E6%FD%FFs%E6%FB%F1%F3%FF%F7%FC%E6%F7%B2%F6%F7%E1%E2%E7%7B%E1%B2%F6%F7%B2%F1%F3%F6%F3%B2%E2%E0%F7%F5%E7%FC%E6%F3%BC%B0%BE%B0%FF%E1%F5%C1%F7%E4%F7%E0%F3%FE%C1%F1%FD%E0%F7%B0%A8%B0%C2%E7%F7%F6%F7%B2%F5%E7%F3%E0%F6%F3%E0%B2%FE%F3%B2%E2%E7%FC%E6%E7%F3%F1%FBa%FC%B2%E6%F3%FC%E6%F3%E1%B2%E4%F7%F1%F7%E1%B2%F1%FD%FF%FD%B2%E3%E7%FB%F7%E0%F3%B0%BE%B0%FF%E1%F5%CB%FD%E7%DE%F3%E1%E6%C1%F1%FD%E0%F7%B0%A8%B0%DE%F3%B2h%FE%E6%FB%FF%F3%B2%E2%E7%FC%E6%E7%F3%F1%FBa%FC%B2%F5%E7%F3%E0%F6%F3%F6%F3%B2%F7%E1%B0%BE%B0%FF%E1%F5%D3%F1%E6%FB%E6%EB%D1%FD%FF%E2%FE%EB%B0%A8%B0%CB%F3%B2%FA%F3%B2%E0%F7%F3%FE%FB%E8%F3%F6%FD%B2%F7%E1%E6%F3%B2%F3%F1%E6%FB%E4%FB%F6%F3%F6%BC%B0%BE%B0%FF%E1%F5%C2%FE%F3%EB%C1%F7%E4%F7%E0%F3%FE%C6%FB%FF%F7%E1%B0%A8%B0%C2%E7%F7%F6%F7%B2%E0%F7%F3%FE%FB%E8%F3%E0%B2%F7%E1%E6%F3%B2%F3%F1%E6%FB%E4%FB%F6%F3%F6%B2%F1%E7%F3%FC%E6%F3%E1%B2%E4%F7%F1%F7%E1%B2%E3%E7%FB%F7%E0%F3%B0%BE%B0%FF%E1%F5%D1%FE%FD%E1%F7%B0%A8%B0%D1%F7%E0%E0%F3%E0%B0%BE%B0%FF%E1%F5%DE%FD%F3%F6%FB%FC%F5%B0%A8%B0%D1%F3%E0%F5%F3%FC%F6%FD%BC%B2%D7%E1%E2%F7%E0%F7%BE%B2%E2%FD%E0%B2%F4%F3%E4%FD%E0%BC%BC%BC%B0%BE%B0%FF%E1%F5%C2%FD%FB%FC%E6%E1%B0%A8%B0%E2%E7%FC%E6%FD%E1%B0%BE%B0%FF%E1%F5%D3%E7%F6%FB%FD%B0%A8%B0%D3%E7%F6%FB%FD%B0%BE%B0%FF%E1%F5%D1%FD%E0%E0%F7%F1%E6%B0%A8%B0%D1%FD%E0%E0%F7%F1%E6%FD%B0%BE%B0%FF%E1%F5%DB%FC%F1%FD%E0%E0%F7%F1%E6%B0%A8%B0%DB%FC%F1%FD%E0%E0%F7%F1%E6%FD%B0%BE%B0%FF%E1%F5%C7%FC%F1%FD%FF%E2%FE%F7%E6%F7%F6%D3%F1%E6%FB%E4%FB%E6%EB%B0%A8%B0%D3%F1%E6%FB%E4%FB%F6%F3%F6%B2%FC%FD%B2%F1%FD%FF%E2%FE%F7%E6%F3%F6%F3%B0%BE%B0%FF%E1%F5%C1%E7%F1%F1%F7%E1%E1%F4%E7%FE%D3%F1%E6%FB%E4%FB%E6%EB%B0%A8%B0%D3%F1%E6%FB%E4%FB%F6%F3%F6%B2%E1%E7%E2%F7%E0%F3%F6%F3%BC%B2%C2%E7%FC%E6%E7%F3%F1%FBa%FC%A8%B2%B7%E1%B0%BE%B0%FF%E1%F5%C7%FC%E1%E7%F1%F1%F7%E1%E1%F4%E7%FE%D3%F1%E6%FB%E4%FB%E6%EB%B0%A8%B0%D3%F1%E6%FB%E4%FB%F6%F3%F6%B2%FC%FD%B2%E1%E7%E2%F7%E0%F3%F6%F3%BC%B2%C2%E7%FC%E6%E7%F3%F1%FBa%FC%A8%B2%B7%E1%B0%BE%B0%FF%E1%F5%C6%EB%E2%F7%D5%F3%FF%F7%B0%A8%B0%D1%E0%E7%F1%FB%F5%E0%F3%FF%F3%B0%BE%B0%FF%E1%F5%D1%FA%F7%F1%F9%B0%A8%B0%D1%FD%FF%E2%E0%FD%F0%F3%E0%B0%BE%B0%FF%E1%F5%C1%FA%FD%E5%C1%FD%FE%E7%E6%FB%FD%FC%B0%A8%B0%DF%FD%E1%E6%E0%F3%E0%B2%FE%F3%E1%B2%E1%FD%FE%E7%F1%FB%FD%FC%F7%E1%B0%BE%B0%FF%E1%F5%C0%F7%F0%FD%FD%E6%B0%A8%B0%D8%E7%F5%F3%E0%B2%FD%E6%E0%F3%B2%E4%F7%E8%B0%BE%B0%FF%E1%F5%D5%F3%FF%F7%DD%E4%F7%E0%B0%A8%B0%D7%FE%B2%F8%E7%F7%F5%FD%B2%FA%F3%B2%E6%F7%E0%FF%FB%FC%F3%F6%FD%BC%B2%C6%E7%B2%E2%E7%FC%E6%E7%F3%F1%FBa%FC%B2%F7%E1%B2%B7%E1%BC%B2%D3%F1%FB%F7%E0%E6%FD%E1%A8%B2%B7%E1%B2%F6%F7%B2%B7%E1%BC%B0%BE%B0%FF%E1%F5%C1%F7%FE%F7%F1%E6%C5%FD%E0%F6%B0%A8%B0%DA%F3%E8%B2%F1%FE%FB%F1%B2%F7%FC%B2%F7%FE%B2%F1%E7%F3%F6%E0%F3%F6%FD%B2%F6%F7%B2%F1%F3%F6%F3%B2%E2%F3%FE%F3%F0%E0%F3%B2%E2%F3%E0%F3%B2%E4%F7%E0%B2%FE%F3%B2%F6%F7%F4%FB%FC%FB%F1%FBa%FC%B0%BE%B0%FF%E1%F5%DA%FD%E0%FB%E8%FD%FC%E6%F3%FE%E1%B0%A8%B0%DA%FD%E0%FB%E8%FD%FC%E6%F3%FE%F7%E1%B0%BE%B0%FF%E1%F5%C4%F7%E0%E6%FB%F1%F3%FE%E1%B0%A8%B0%C4%F7%E0%E6%FB%F1%F3%FE%F7%E1%B0%BE%B0%FF%E1%F5%C1%FA%FD%E5%D6%F7%F4%FB%FC%FB%E6%FB%FD%FC%E1%B0%A8%B0%DF%FD%E1%E6%E0%F3%E0%BD%FD%F1%E7%FE%E6%F3%E0%B2%F6%F7%F4%FB%FC%FB%F1%FB%FD%FC%F7%E1%B0%BE%B0%FF%E1%F5%C1%FA%FD%E5%D0%F3%F1%F9%B0%A8%B0%DF%FD%E1%E6%E0%F3%E0%BD%FD%F1%E7%FE%E6%F3%E0%B2%FB%FF%F3%F5%F7%FC%B2%F6%F7%B2%F4%FD%FC%F6%FD%B0%BE%B0%FF%E1%F5%C1%FD%FE%E7%E6%FB%FD%FC%C5%FD%E0%F6%B0%A8%B0%C2%F3%FE%F3%F0%E0%F3%B0%EF%EF&lt;/div&gt;
            &lt;a href="{{context_path}}/202511092216459805RT//ctara.jpg" class="js-hidden crucigrama-LinkImages"&gt;0&lt;/a&gt;&lt;a href="{{context_path}}/202511092216459805RT//RABEL.jpg" class="js-hidden crucigrama-LinkImages"&gt;1&lt;/a&gt;&lt;a href="{{context_path}}/202511092216459805RT//axabeba_1.jpg" class="js-hidden crucigrama-LinkImages"&gt;2&lt;/a&gt;&lt;a href="{{context_path}}/202511092216459805RT//TEJOLETAS.jpg" class="js-hidden crucigrama-LinkImages"&gt;3&lt;/a&gt;&lt;a href="{{context_path}}/202511092216459805RT//CARILLN_DE_CAMPANAS.jpg" class="js-hidden crucigrama-LinkImages"&gt;4&lt;/a&gt;&lt;a href="{{context_path}}/202511092216459805RT//DARBUKA.jpg" class="js-hidden crucigrama-LinkImages"&gt;5&lt;/a&gt;&lt;a href="{{context_path}}/202511092216459805RT//LAUD.jpg" class="js-hidden crucigrama-LinkImages"&gt;6&lt;/a&gt;
            
            &lt;a href="{{context_path}}/202511092216459805RT//descarga.jpg" class="js-hidden crucigrama-LinkBack" alt="Back" /&gt;Background&lt;/a&gt;
            
            &lt;div class="crucigrama-bns js-hidden"&gt;Su navegador no es compatible con esta herramienta.&lt;/div&gt;
        &lt;/div&gt;</htmlView><jsonProperties/><odeComponentsOrder>1</odeComponentsOrder><odeComponentsProperties><odeComponentsProperty><key>visibility</key><value>true</value></odeComponentsProperty><odeComponentsProperty><key>teacherOnly</key><value>false</value></odeComponentsProperty><odeComponentsProperty><key>identifier</key><value/></odeComponentsProperty><odeComponentsProperty><key>cssClass</key><value/></odeComponentsProperty></odeComponentsProperties></odeComponent></odeComponents></odePagStructure></odePagStructures></odeNavStructure><odeNavStructure><odePageId>20251116155332VPJSGQ</odePageId><odeParentPageId>20251116155332YNPFDS</odeParentPageId><pageName>Actividad 3_Audiciones medievales</pageName><odeNavStructureOrder>3</odeNavStructureOrder><odeNavStructureProperties><odeNavStructureProperty><key>titleNode</key><value>Actividad 3_Audiciones medievales</value></odeNavStructureProperty><odeNavStructureProperty><key>titleHtml</key><value/></odeNavStructureProperty><odeNavStructureProperty><key>editableInPage</key><value>false</value></odeNavStructureProperty><odeNavStructureProperty><key>titlePage</key><value>Actividad 3_Audiciones medievales</value></odeNavStructureProperty><odeNavStructureProperty><key>visibility</key><value>true</value></odeNavStructureProperty><odeNavStructureProperty><key>description</key><value/></odeNavStructureProperty></odeNavStructureProperties><odePagStructures><odePagStructure><odePageId>20251116155332VPJSGQ</odePageId><odeBlockId>20251116155332DECDNJ</odeBlockId><blockName>Audiciones medievales</blockName><iconName>video</iconName><odePagStructureOrder>1</odePagStructureOrder><odePagStructureProperties><odePagStructureProperty><key>visibility</key><value>true</value></odePagStructureProperty><odePagStructureProperty><key>teacherOnly</key><value>false</value></odePagStructureProperty><odePagStructureProperty><key>allowToggle</key><value>true</value></odePagStructureProperty><odePagStructureProperty><key>minimized</key><value>false</value></odePagStructureProperty><odePagStructureProperty><key>identifier</key><value/></odePagStructureProperty><odePagStructureProperty><key>cssClass</key><value/></odePagStructureProperty></odePagStructureProperties><odeComponents><odeComponent><odePageId>20251116155332VPJSGQ</odePageId><odeBlockId>20251116155332DECDNJ</odeBlockId><odeIdeviceId>202511092232353295XI</odeIdeviceId><odeIdeviceTypeName>text</odeIdeviceTypeName><htmlView>&lt;div class="exe-text-template"&gt;&lt;div class="textIdeviceContent"&gt;
            &lt;div class="exe-text-activity"&gt;
                &lt;div&gt;&lt;p&gt;Escucha las audiciones y responde a las siguientes preguntas en cada una de ellas:&lt;/p&gt;
&lt;ol&gt;
&lt;li&gt;¿Es música religiosa o profana?&lt;/li&gt;
&lt;li&gt;¿Es vocal, instrumental o vocal instrumental?&lt;/li&gt;
&lt;li&gt;Si es vocal, explica si es monodia o polifonía y de qué tipo.&lt;/li&gt;
&lt;li&gt;Si es instrumental, identifica los instrumentos musicales que intervienen.&lt;/li&gt;
&lt;/ol&gt;
&lt;p&gt;&lt;br&gt;&lt;/p&gt;
&lt;p&gt;&lt;strong&gt;Audición 1&lt;/strong&gt;&lt;/p&gt;
&lt;p&gt;&lt;iframe width="423" height="237" src="https://www.youtube.com/embed/u6WLdFV4mQA" allowfullscreen="allowfullscreen"&gt;&lt;/iframe&gt;&lt;br&gt;&lt;/p&gt;
&lt;p&gt;&lt;br&gt;&lt;/p&gt;
&lt;p&gt;&lt;strong&gt;Audición 2&lt;/strong&gt;&lt;/p&gt;
&lt;p&gt;&lt;strong&gt;&lt;iframe width="432" height="242" src="https://www.youtube.com/embed/UbwO5fw3LIs?list=RDUbwO5fw3LIs&amp;start_radio=1" allowfullscreen="allowfullscreen"&gt;&lt;/iframe&gt;&lt;br&gt;&lt;/strong&gt;&lt;/p&gt;
&lt;p&gt;&lt;strong&gt;&lt;/strong&gt;&lt;br&gt;&lt;/p&gt;
&lt;p&gt;&lt;strong&gt;Audición 3&lt;/strong&gt;&lt;/p&gt;
&lt;p&gt;&lt;strong&gt;&lt;iframe width="442" height="248" src="https://www.youtube.com/embed/xCTo6pVHZkM?list=RDxCTo6pVHZkM&amp;start_radio=1" allowfullscreen="allowfullscreen"&gt;&lt;/iframe&gt;&lt;br&gt;&lt;/strong&gt;&lt;/p&gt;
&lt;p&gt;&lt;strong&gt;&lt;/strong&gt;&lt;br&gt;&lt;/p&gt;
&lt;p&gt;&lt;strong&gt;Audición 4&lt;/strong&gt;&lt;/p&gt;
&lt;p&gt;&lt;strong&gt;&lt;iframe width="448" height="251" src="https://www.youtube.com/embed/sp-fWQxbtq0?list=RDsp-fWQxbtq0&amp;start_radio=1" allowfullscreen="allowfullscreen"&gt;&lt;/iframe&gt;&lt;br&gt;&lt;/strong&gt;&lt;/p&gt;
&lt;p&gt;&lt;strong&gt;&lt;/strong&gt;&lt;br&gt;&lt;/p&gt;
&lt;p&gt;&lt;strong&gt;Audición 5&lt;/strong&gt;&lt;/p&gt;
&lt;p&gt;&lt;strong&gt;&lt;iframe width="455" height="255" src="https://www.youtube.com/embed/oeW8z3-RNVI?list=RDoeW8z3-RNVI&amp;start_radio=1" allowfullscreen="allowfullscreen"&gt;&lt;/iframe&gt;&lt;br&gt;&lt;/strong&gt;&lt;/p&gt;&lt;p class="clearfix"&gt;&lt;/p&gt;&lt;/div&gt;
            &lt;/div&gt;&lt;/div&gt;&lt;/div&gt;</htmlView><jsonProperties>{"ideviceId":"202511092232353295XI","textInfoDurationInput":"","textInfoDurationTextInput":"Duración","textInfoParticipantsInput":"","textInfoParticipantsTextInput":"Agrupamiento","textTextarea":"&lt;p&gt;Escucha las audiciones y responde a las siguientes preguntas en cada una de ellas:&lt;/p&gt;\n&lt;ol&gt;\n&lt;li&gt;¿Es música religiosa o profana?&lt;/li&gt;\n&lt;li&gt;¿Es vocal, instrumental o vocal instrumental?&lt;/li&gt;\n&lt;li&gt;Si es vocal, explica si es monodia o polifonía y de qué tipo.&lt;/li&gt;\n&lt;li&gt;Si es instrumental, identifica los instrumentos musicales que intervienen.&lt;/li&gt;\n&lt;/ol&gt;\n&lt;p&gt;&lt;br /&gt;&lt;/p&gt;\n&lt;p&gt;&lt;strong&gt;Audición 1&lt;/strong&gt;&lt;/p&gt;\n&lt;p&gt;&lt;iframe width=\"423\" height=\"237\" src=\"https://www.youtube.com/embed/u6WLdFV4mQA\" allowfullscreen=\"allowfullscreen\"&gt;&lt;/iframe&gt;&lt;br /&gt;&lt;/p&gt;\n&lt;p&gt;&lt;br /&gt;&lt;/p&gt;\n&lt;p&gt;&lt;strong&gt;Audición 2&lt;/strong&gt;&lt;/p&gt;\n&lt;p&gt;&lt;strong&gt;&lt;iframe width=\"432\" height=\"242\" src=\"https://www.youtube.com/embed/UbwO5fw3LIs?list=RDUbwO5fw3LIs&amp;start_radio=1\" allowfullscreen=\"allowfullscreen\"&gt;&lt;/iframe&gt;&lt;br /&gt;&lt;/strong&gt;&lt;/p&gt;\n&lt;p&gt;&lt;strong&gt;&lt;/strong&gt;&lt;br /&gt;&lt;/p&gt;\n&lt;p&gt;&lt;strong&gt;Audición 3&lt;/strong&gt;&lt;/p&gt;\n&lt;p&gt;&lt;strong&gt;&lt;iframe width=\"442\" height=\"248\" src=\"https://www.youtube.com/embed/xCTo6pVHZkM?list=RDxCTo6pVHZkM&amp;start_radio=1\" allowfullscreen=\"allowfullscreen\"&gt;&lt;/iframe&gt;&lt;br /&gt;&lt;/strong&gt;&lt;/p&gt;\n&lt;p&gt;&lt;strong&gt;&lt;/strong&gt;&lt;br /&gt;&lt;/p&gt;\n&lt;p&gt;&lt;strong&gt;Audición 4&lt;/strong&gt;&lt;/p&gt;\n&lt;p&gt;&lt;strong&gt;&lt;iframe width=\"448\" height=\"251\" src=\"https://www.youtube.com/embed/sp-fWQxbtq0?list=RDsp-fWQxbtq0&amp;start_radio=1\" allowfullscreen=\"allowfullscreen\"&gt;&lt;/iframe&gt;&lt;br /&gt;&lt;/strong&gt;&lt;/p&gt;\n&lt;p&gt;&lt;strong&gt;&lt;/strong&gt;&lt;br /&gt;&lt;/p&gt;\n&lt;p&gt;&lt;strong&gt;Audición 5&lt;/strong&gt;&lt;/p&gt;\n&lt;p&gt;&lt;strong&gt;&lt;iframe width=\"455\" height=\"255\" src=\"https://www.youtube.com/embed/oeW8z3-RNVI?list=RDoeW8z3-RNVI&amp;start_radio=1\" allowfullscreen=\"allowfullscreen\"&gt;&lt;/iframe&gt;&lt;br /&gt;&lt;/strong&gt;&lt;/p&gt;","textFeedbackInput":"Mostrar retroalimentación","textFeedbackTextarea":""}</jsonProperties><odeComponentsOrder>1</odeComponentsOrder><odeComponentsProperties><odeComponentsProperty><key>visibility</key><value>true</value></odeComponentsProperty><odeComponentsProperty><key>teacherOnly</key><value>false</value></odeComponentsProperty><odeComponentsProperty><key>identifier</key><value/></odeComponentsProperty><odeComponentsProperty><key>cssClass</key><value/></odeComponentsProperty></odeComponentsProperties></odeComponent></odeComponents></odePagStructure></odePagStructures></odeNavStructure><odeNavStructure><odePageId>20251116155332GYMYMX</odePageId><odeParentPageId>20251116155332YNPFDS</odeParentPageId><pageName>Trabajo Cooperativo</pageName><odeNavStructureOrder>4</odeNavStructureOrder><odeNavStructureProperties><odeNavStructureProperty><key>titleNode</key><value/></odeNavStructureProperty><odeNavStructureProperty><key>titleHtml</key><value/></odeNavStructureProperty><odeNavStructureProperty><key>editableInPage</key><value>false</value></odeNavStructureProperty><odeNavStructureProperty><key>titlePage</key><value>Trabajo Cooperativo</value></odeNavStructureProperty><odeNavStructureProperty><key>visibility</key><value>true</value></odeNavStructureProperty><odeNavStructureProperty><key>description</key><value/></odeNavStructureProperty></odeNavStructureProperties><odePagStructures><odePagStructure><odePageId>20251116155332GYMYMX</odePageId><odeBlockId>20251116155332TNVWUS</odeBlockId><blockName>Organización del trabajo cooperativo</blockName><iconName>collaborative</iconName><odePagStructureOrder>1</odePagStructureOrder><odePagStructureProperties><odePagStructureProperty><key>visibility</key><value>true</value></odePagStructureProperty><odePagStructureProperty><key>teacherOnly</key><value>false</value></odePagStructureProperty><odePagStructureProperty><key>allowToggle</key><value>true</value></odePagStructureProperty><odePagStructureProperty><key>minimized</key><value>false</value></odePagStructureProperty><odePagStructureProperty><key>identifier</key><value/></odePagStructureProperty><odePagStructureProperty><key>cssClass</key><value/></odePagStructureProperty></odePagStructureProperties><odeComponents><odeComponent><odePageId>20251116155332GYMYMX</odePageId><odeBlockId>20251116155332TNVWUS</odeBlockId><odeIdeviceId>20251110222928975YM4</odeIdeviceId><odeIdeviceTypeName>text</odeIdeviceTypeName><htmlView>&lt;div class="exe-text-template"&gt;&lt;div class="textIdeviceContent"&gt;
            &lt;div class="exe-text-activity"&gt;
                &lt;div&gt;&lt;p&gt;Los estudiantes se dividen en grupos de 4. Los grupos se van a establecer en función del nivel del alumnado, estando el grupo compuesto por:&lt;/p&gt;
&lt;ul&gt;
&lt;li&gt;1 discente de nivel alto.&lt;/li&gt;
&lt;li&gt;2 discentes de nivel medio.&lt;/li&gt;
&lt;li&gt;1 discente de nivel bajo.&lt;/li&gt;
&lt;/ul&gt;
&lt;p&gt;Las mesas se agrupan a modo de "isla", a modo de parejas enfrentadas. Para evitar que trabajen en parejas discentes de niveles muy extremos, los extremos "nivel alto" y "nivel bajo" estarán situados en diagonal, y al lado y enfrente tendrán un discente de "nivel medio".&lt;/p&gt;
&lt;p&gt;Los roles de cada uno serán: portavoz/a, secretario/a, moderador/a, supervisor/a. Serán roles rotatorios.&lt;/p&gt;&lt;p class="clearfix"&gt;&lt;/p&gt;&lt;/div&gt;
            &lt;/div&gt;&lt;/div&gt;&lt;/div&gt;</htmlView><jsonProperties>{"ideviceId":"20251110222928975YM4","textInfoDurationInput":"","textInfoDurationTextInput":"Duración","textInfoParticipantsInput":"","textInfoParticipantsTextInput":"Agrupamiento","textTextarea":"&lt;p&gt;Los estudiantes se dividen en grupos de 4. Los grupos se van a establecer en función del nivel del alumnado, estando el grupo compuesto por:&lt;/p&gt;\n&lt;ul&gt;\n&lt;li&gt;1 discente de nivel alto.&lt;/li&gt;\n&lt;li&gt;2 discentes de nivel medio.&lt;/li&gt;\n&lt;li&gt;1 discente de nivel bajo.&lt;/li&gt;\n&lt;/ul&gt;\n&lt;p&gt;Las mesas se agrupan a modo de \"isla\", a modo de parejas enfrentadas. Para evitar que trabajen en parejas discentes de niveles muy extremos, los extremos \"nivel alto\" y \"nivel bajo\" estarán situados en diagonal, y al lado y enfrente tendrán un discente de \"nivel medio\".&lt;/p&gt;\n&lt;p&gt;Los roles de cada uno serán: portavoz/a, secretario/a, moderador/a, supervisor/a. Serán roles rotatorios.&lt;/p&gt;","textFeedbackInput":"Mostrar retroalimentación","textFeedbackTextarea":""}</jsonProperties><odeComponentsOrder>1</odeComponentsOrder><odeComponentsProperties><odeComponentsProperty><key>visibility</key><value>true</value></odeComponentsProperty><odeComponentsProperty><key>teacherOnly</key><value>false</value></odeComponentsProperty><odeComponentsProperty><key>identifier</key><value/></odeComponentsProperty><odeComponentsProperty><key>cssClass</key><value/></odeComponentsProperty></odeComponentsProperties></odeComponent><odeComponent><odePageId>20251116155332GYMYMX</odePageId><odeBlockId>20251116155332TNVWUS</odeBlockId><odeIdeviceId>20251110223628957MNP</odeIdeviceId><odeIdeviceTypeName>text</odeIdeviceTypeName><htmlView>&lt;div class="exe-text-template"&gt;&lt;div class="textIdeviceContent"&gt;
            &lt;div class="exe-text-activity"&gt;
                &lt;div&gt;&lt;p&gt;&lt;strong&gt;Actividad cooperativa (KAHOOT):&amp;nbsp;&lt;/strong&gt;&lt;/p&gt;
&lt;p&gt;- Cada equipo debe ponerse su nombre, relacionado con el tema de la Edad Media.&lt;/p&gt;
&lt;p&gt;- La actividad será realizar un &lt;a href="https://create.kahoot.it/share/edad-media/32383fb1-c199-40f9-8efb-ea771dbf0afc" target="_blank" id="link_1" rel="noopener"&gt;Kahoot&lt;/a&gt; con las preguntas del tema.&lt;/p&gt;
&lt;ol&gt;
&lt;li&gt;En parejas, deben realizar 10 preguntas sobre el tema.&amp;nbsp;&lt;/li&gt;
&lt;li&gt;Comparan las preguntas con las de sus compañeros de equipo (recordemos que son grupos de 4), y entre los 4 seleccionan, combinan y corrigen las preguntas, dando lugar a un total de un Kahoot de 20 preguntas. Si hay preguntas repetidas tendrán que realizar otras nuevas.&lt;/li&gt;
&lt;li&gt;Intercambian el enlace con otro equipo, de manera que cada equipo va a completar el Kahoot que han realizado sus compañeros (no el suyo).&lt;/li&gt;
&lt;/ol&gt;
&lt;p&gt;&lt;br&gt;&lt;/p&gt;&lt;p class="clearfix"&gt;&lt;/p&gt;&lt;/div&gt;
            &lt;/div&gt;&lt;/div&gt;&lt;/div&gt;</htmlView><jsonProperties>{"ideviceId":"20251110223628957MNP","textInfoDurationInput":"","textInfoDurationTextInput":"Duración","textInfoParticipantsInput":"","textInfoParticipantsTextInput":"Agrupamiento","textTextarea":"&lt;p&gt;&lt;strong&gt;Actividad cooperativa (KAHOOT): &lt;/strong&gt;&lt;/p&gt;\n&lt;p&gt;- Cada equipo debe ponerse su nombre, relacionado con el tema de la Edad Media.&lt;/p&gt;\n&lt;p&gt;- La actividad será realizar un &lt;a href=\"https://create.kahoot.it/share/edad-media/32383fb1-c199-40f9-8efb-ea771dbf0afc\" target=\"_blank\" id=\"link_1\" rel=\"noopener\"&gt;Kahoot&lt;/a&gt; con las preguntas del tema.&lt;/p&gt;\n&lt;ol&gt;\n&lt;li&gt;En parejas, deben realizar 10 preguntas sobre el tema. &lt;/li&gt;\n&lt;li&gt;Comparan las preguntas con las de sus compañeros de equipo (recordemos que son grupos de 4), y entre los 4 seleccionan, combinan y corrigen las preguntas, dando lugar a un total de un Kahoot de 20 preguntas. Si hay preguntas repetidas tendrán que realizar otras nuevas.&lt;/li&gt;\n&lt;li&gt;Intercambian el enlace con otro equipo, de manera que cada equipo va a completar el Kahoot que han realizado sus compañeros (no el suyo).&lt;/li&gt;\n&lt;/ol&gt;\n&lt;p&gt;&lt;br /&gt;&lt;/p&gt;","textFeedbackInput":"Mostrar retroalimentación","textFeedbackTextarea":""}</jsonProperties><odeComponentsOrder>2</odeComponentsOrder><odeComponentsProperties><odeComponentsProperty><key>visibility</key><value>true</value></odeComponentsProperty><odeComponentsProperty><key>teacherOnly</key><value>false</value></odeComponentsProperty><odeComponentsProperty><key>identifier</key><value/></odeComponentsProperty><odeComponentsProperty><key>cssClass</key><value/></odeComponentsProperty></odeComponentsProperties></odeComponent></odeComponents></odePagStructure></odePagStructures></odeNavStructure></odeNavStructures></ode>
