<?xml version="1.0" encoding="UTF-8"?>
<manifest identifier="eXe-MANIFEST-20251101070653QTNRUA" xmlns="http://www.imsproject.org/xsd/imscp_rootv1p1p2" xmlns:adlcp="http://www.adlnet.org/xsd/adlcp_rootv1p2" xmlns:imsmd="http://www.imsglobal.org/xsd/imsmd_v1p2" xmlns:xsi="http://www.w3.org/2001/XMLSchema-instance" xsi:schemaLocation="http://www.imsproject.org/xsd/imscp_rootv1p1p2 imscp_rootv1p1p2.xsd http://www.imsglobal.org/xsd/imsmd_rootv1p2p1 imsmd_rootv1p2p1.xsd http://www.adlnet.org/xsd/adlcp_rootv1p2 adlcp_rootv1p2.xsd"><metadata><schema>ADL SCORM</schema><schemaversion>1.2</schemaversion><adlcp:location>imslrm.xml</adlcp:location></metadata><organizations default="eXe-20251101070653QTNRUA"><organization identifier="eXe-20251101070653QTNRUA" structure="hierarchical"><title>La Música en la Edad Media</title><item identifier="ITEM-20251101070653VGBQGS" identifierref="RES-20251101070653VGBQGS" isvisible="true"><title>Tarea 2.2. Guía Docente</title><item identifier="ITEM-202511020855236995CM" identifierref="RES-202511020855236995CM" isvisible="true"><title>La Edad Media: esbozo de la secuencia didáctica</title></item><item identifier="ITEM-2025110209092454166B" identifierref="RES-2025110209092454166B" isvisible="true"><title>La notación musical: nacimiento, evolución y desarrollo</title></item><item identifier="ITEM-20251102092758770W15" identifierref="RES-20251102092758770W15" isvisible="true"><title>Flipped Classroom </title></item></item><item identifier="ITEM-2025110922005794492M" identifierref="RES-2025110922005794492M" isvisible="true"><title>Tarea 3. ACTIVIDADES</title><item identifier="ITEM-202511092201417470L4" identifierref="RES-202511092201417470L4" isvisible="true"><title>Actividad 1_Quiz medieval</title></item><item identifier="ITEM-20251109220211233NZJ" identifierref="RES-20251109220211233NZJ" isvisible="true"><title>Actividad 2_Crucigrama Instrumentos Musicales</title></item><item identifier="ITEM-20251109220223209R8J" identifierref="RES-20251109220223209R8J" isvisible="true"><title>Actividad 3_Audiciones medievales</title></item><item identifier="ITEM-202511092202388159QM" identifierref="RES-202511092202388159QM" isvisible="true"><title>Trabajo Cooperativo</title></item></item></organization></organizations><resources><resource identifier="RES-20251101070653VGBQGS" type="webcontent" adlcp:scormtype="sco" href="index.html"><file href="index.html"/><file href="idevices/text/text.css"/><file href="idevices/text/text.html"/><file href="idevices/text/text.js"/><dependency identifierref="COMMON_FILES"/></resource><resource identifier="RES-202511020855236995CM" type="webcontent" adlcp:scormtype="sco" href="html/la-edad-media-esbozo-de-la-secuencia-didactica.html"><file href="html/la-edad-media-esbozo-de-la-secuencia-didactica.html"/><file href="content/resources/20251102085553582KGR/Edad_Media_Infografa_.png"/><file href="idevices/text/text.css"/><file href="idevices/text/text.html"/><file href="idevices/text/text.js"/><dependency identifierref="COMMON_FILES"/></resource><resource identifier="RES-2025110209092454166B" type="webcontent" adlcp:scormtype="sco" href="html/la-notacion-musical-nacimiento-evolucion-y-desarrollo.html"><file href="html/la-notacion-musical-nacimiento-evolucion-y-desarrollo.html"/><file href="content/resources/20251102091827264J3U/Imagen_IA_monje_copista.jpg"/><file href="idevices/text/text.css"/><file href="idevices/text/text.html"/><file href="idevices/text/text.js"/><dependency identifierref="COMMON_FILES"/></resource><resource identifier="RES-20251102092758770W15" type="webcontent" adlcp:scormtype="sco" href="html/flipped-classroom.html"><file href="html/flipped-classroom.html"/><file href="idevices/text/text.css"/><file href="idevices/text/text.html"/><file href="idevices/text/text.js"/><dependency identifierref="COMMON_FILES"/></resource><resource identifier="RES-2025110922005794492M" type="webcontent" adlcp:scormtype="sco" href="html/tarea-3-actividades.html"><file href="html/tarea-3-actividades.html"/><dependency identifierref="COMMON_FILES"/></resource><resource identifier="RES-202511092201417470L4" type="webcontent" adlcp:scormtype="sco" href="html/actividad-1_quiz-medieval.html"><file href="html/actividad-1_quiz-medieval.html"/><file href="idevices/form/exequexthits.svg"/><file href="idevices/form/exequextrerrors.svg"/><file href="idevices/form/exequextsq.png"/><file href="idevices/form/form.css"/><file href="idevices/form/form.html"/><file href="idevices/form/form.js"/><file href="idevices/form/formnext.png"/><file href="idevices/form/formnextd.png"/><file href="idevices/form/formprevious.png"/><file href="idevices/form/formpreviousd.png"/><dependency identifierref="COMMON_FILES"/></resource><resource identifier="RES-20251109220211233NZJ" type="webcontent" adlcp:scormtype="sco" href="html/actividad-2_crucigrama-instrumentos-musicales.html"><file href="html/actividad-2_crucigrama-instrumentos-musicales.html"/><file href="content/resources/202511092216459805RT/CARILLN_DE_CAMPANAS.jpg"/><file href="content/resources/202511092216459805RT/DARBUKA.jpg"/><file href="content/resources/202511092216459805RT/LAUD.jpg"/><file href="content/resources/202511092216459805RT/RABEL.jpg"/><file href="content/resources/202511092216459805RT/TEJOLETAS.jpg"/><file href="content/resources/202511092216459805RT/axabeba_1.jpg"/><file href="content/resources/202511092216459805RT/ctara.jpg"/><file href="content/resources/202511092216459805RT/descarga.jpg"/><file href="idevices/crossword/ccccrossword.png"/><file href="idevices/crossword/ccgmbackground.jpg"/><file href="idevices/crossword/ccgmclose.svg"/><file href="idevices/crossword/ccgmdefinitions.png"/><file href="idevices/crossword/ccgmnoback.png"/><file href="idevices/crossword/ccgmzoomf.png"/><file href="idevices/crossword/ccgmzoomn.png"/><file href="idevices/crossword/ccmgimage.svg"/><file href="idevices/crossword/cmmgaudio.svg"/><file href="idevices/crossword/crossword.css"/><file href="idevices/crossword/crossword.js"/><file href="idevices/crossword/exequextaudio.png"/><file href="idevices/crossword/exequextcursor.gif"/><file href="idevices/crossword/exequextfull.svg"/><file href="idevices/crossword/exequexthits.svg"/><file href="idevices/crossword/exequextmin.svg"/><file href="idevices/crossword/exequextnumber.svg"/><file href="idevices/crossword/exequextreply.png"/><file href="idevices/crossword/exequextrerrors.svg"/><file href="idevices/crossword/exequextscore.svg"/><file href="idevices/crossword/exequextsq.png"/><file href="idevices/crossword/exequexttime.svg"/><dependency identifierref="COMMON_FILES"/></resource><resource identifier="RES-20251109220223209R8J" type="webcontent" adlcp:scormtype="sco" href="html/actividad-3_audiciones-medievales.html"><file href="html/actividad-3_audiciones-medievales.html"/><file href="idevices/text/text.css"/><file href="idevices/text/text.html"/><file href="idevices/text/text.js"/><dependency identifierref="COMMON_FILES"/></resource><resource identifier="RES-202511092202388159QM" type="webcontent" adlcp:scormtype="sco" href="html/trabajo-cooperativo.html"><file href="html/trabajo-cooperativo.html"/><file href="idevices/text/text.css"/><file href="idevices/text/text.html"/><file href="idevices/text/text.js"/><dependency identifierref="COMMON_FILES"/></resource><resource identifier="COMMON_FILES" type="webcontent" adlcp:scormtype="asset"><file href="libs/C:\Users\Usuario\AppData\Roaming\exelearning\data\tmp\2025\11\01\20251101070653MINKPY\tmp\localuser\export\libs\bootstrap\bootstrap.bundle.min.js"/><file href="libs/C:\Users\Usuario\AppData\Roaming\exelearning\data\tmp\2025\11\01\20251101070653MINKPY\tmp\localuser\export\libs\bootstrap\bootstrap.bundle.min.js.map"/><file href="libs/C:\Users\Usuario\AppData\Roaming\exelearning\data\tmp\2025\11\01\20251101070653MINKPY\tmp\localuser\export\libs\bootstrap\bootstrap.min.css"/><file href="libs/C:\Users\Usuario\AppData\Roaming\exelearning\data\tmp\2025\11\01\20251101070653MINKPY\tmp\localuser\export\libs\bootstrap\bootstrap.min.css.map"/><file href="libs/C:\Users\Usuario\AppData\Roaming\exelearning\data\tmp\2025\11\01\20251101070653MINKPY\tmp\localuser\export\libs\common.js"/><file href="libs/C:\Users\Usuario\AppData\Roaming\exelearning\data\tmp\2025\11\01\20251101070653MINKPY\tmp\localuser\export\libs\common_i18n.js"/><file href="libs/C:\Users\Usuario\AppData\Roaming\exelearning\data\tmp\2025\11\01\20251101070653MINKPY\tmp\localuser\export\libs\exe_export.js"/><file href="libs/C:\Users\Usuario\AppData\Roaming\exelearning\data\tmp\2025\11\01\20251101070653MINKPY\tmp\localuser\export\libs\jquery\jquery.min.js"/><file href="libs/C:\Users\Usuario\AppData\Roaming\exelearning\data\tmp\2025\11\01\20251101070653MINKPY\tmp\localuser\export\libs\SCOFunctions.js"/><file href="libs/C:\Users\Usuario\AppData\Roaming\exelearning\data\tmp\2025\11\01\20251101070653MINKPY\tmp\localuser\export\libs\SCORM_API_wrapper.js"/><file href="content/css/C:\Users\Usuario\AppData\Roaming\exelearning\data\tmp\2025\11\01\20251101070653MINKPY\tmp\localuser\export\content/css\base.css"/><file href="content/css/C:\Users\Usuario\AppData\Roaming\exelearning\data\tmp\2025\11\01\20251101070653MINKPY\tmp\localuser\export\content/css\icons\add.svg"/><file href="content/css/C:\Users\Usuario\AppData\Roaming\exelearning\data\tmp\2025\11\01\20251101070653MINKPY\tmp\localuser\export\content/css\icons\aleft.svg"/><file href="content/css/C:\Users\Usuario\AppData\Roaming\exelearning\data\tmp\2025\11\01\20251101070653MINKPY\tmp\localuser\export\content/css\icons\aright.svg"/><file href="content/css/C:\Users\Usuario\AppData\Roaming\exelearning\data\tmp\2025\11\01\20251101070653MINKPY\tmp\localuser\export\content/css\icons\cross.svg"/><file href="content/css/C:\Users\Usuario\AppData\Roaming\exelearning\data\tmp\2025\11\01\20251101070653MINKPY\tmp\localuser\export\content/css\icons\exe-arrow-icon-green.svg"/><file href="content/css/C:\Users\Usuario\AppData\Roaming\exelearning\data\tmp\2025\11\01\20251101070653MINKPY\tmp\localuser\export\content/css\icons\exe-arrow-icon.svg"/><file href="content/css/C:\Users\Usuario\AppData\Roaming\exelearning\data\tmp\2025\11\01\20251101070653MINKPY\tmp\localuser\export\content/css\icons\exe-chevron-icon-green.svg"/><file href="content/css/C:\Users\Usuario\AppData\Roaming\exelearning\data\tmp\2025\11\01\20251101070653MINKPY\tmp\localuser\export\content/css\icons\exe-chevron-icon-white.svg"/><file href="content/css/C:\Users\Usuario\AppData\Roaming\exelearning\data\tmp\2025\11\01\20251101070653MINKPY\tmp\localuser\export\content/css\icons\exe-chevron-icon.svg"/><file href="content/css/C:\Users\Usuario\AppData\Roaming\exelearning\data\tmp\2025\11\01\20251101070653MINKPY\tmp\localuser\export\content/css\icons\exe-close-icon-white.svg"/><file href="content/css/C:\Users\Usuario\AppData\Roaming\exelearning\data\tmp\2025\11\01\20251101070653MINKPY\tmp\localuser\export\content/css\icons\exe-close-icon.svg"/><file href="content/css/C:\Users\Usuario\AppData\Roaming\exelearning\data\tmp\2025\11\01\20251101070653MINKPY\tmp\localuser\export\content/css\icons\exe-colors-icon-green.svg"/><file href="content/css/C:\Users\Usuario\AppData\Roaming\exelearning\data\tmp\2025\11\01\20251101070653MINKPY\tmp\localuser\export\content/css\icons\exe-compress-icon.svg"/><file href="content/css/C:\Users\Usuario\AppData\Roaming\exelearning\data\tmp\2025\11\01\20251101070653MINKPY\tmp\localuser\export\content/css\icons\exe-concurrent-users-icon.svg"/><file href="content/css/C:\Users\Usuario\AppData\Roaming\exelearning\data\tmp\2025\11\01\20251101070653MINKPY\tmp\localuser\export\content/css\icons\exe-delete-icon-green.svg"/><file href="content/css/C:\Users\Usuario\AppData\Roaming\exelearning\data\tmp\2025\11\01\20251101070653MINKPY\tmp\localuser\export\content/css\icons\exe-delete-icon-red.svg"/><file href="content/css/C:\Users\Usuario\AppData\Roaming\exelearning\data\tmp\2025\11\01\20251101070653MINKPY\tmp\localuser\export\content/css\icons\exe-delete-icon.svg"/><file href="content/css/C:\Users\Usuario\AppData\Roaming\exelearning\data\tmp\2025\11\01\20251101070653MINKPY\tmp\localuser\export\content/css\icons\exe-dots-menu-vertical-icon-green.svg"/><file href="content/css/C:\Users\Usuario\AppData\Roaming\exelearning\data\tmp\2025\11\01\20251101070653MINKPY\tmp\localuser\export\content/css\icons\exe-dots-menu-vertical-icon.svg"/><file href="content/css/C:\Users\Usuario\AppData\Roaming\exelearning\data\tmp\2025\11\01\20251101070653MINKPY\tmp\localuser\export\content/css\icons\exe-download-icon-disabled.svg"/><file href="content/css/C:\Users\Usuario\AppData\Roaming\exelearning\data\tmp\2025\11\01\20251101070653MINKPY\tmp\localuser\export\content/css\icons\exe-download-icon-green.svg"/><file href="content/css/C:\Users\Usuario\AppData\Roaming\exelearning\data\tmp\2025\11\01\20251101070653MINKPY\tmp\localuser\export\content/css\icons\exe-download-icon.svg"/><file href="content/css/C:\Users\Usuario\AppData\Roaming\exelearning\data\tmp\2025\11\01\20251101070653MINKPY\tmp\localuser\export\content/css\icons\exe-drag-handle-icon.svg"/><file href="content/css/C:\Users\Usuario\AppData\Roaming\exelearning\data\tmp\2025\11\01\20251101070653MINKPY\tmp\localuser\export\content/css\icons\exe-duplicate-icon-green.svg"/><file href="content/css/C:\Users\Usuario\AppData\Roaming\exelearning\data\tmp\2025\11\01\20251101070653MINKPY\tmp\localuser\export\content/css\icons\exe-duplicate-icon.svg"/><file href="content/css/C:\Users\Usuario\AppData\Roaming\exelearning\data\tmp\2025\11\01\20251101070653MINKPY\tmp\localuser\export\content/css\icons\exe-edit-icon-green.svg"/><file href="content/css/C:\Users\Usuario\AppData\Roaming\exelearning\data\tmp\2025\11\01\20251101070653MINKPY\tmp\localuser\export\content/css\icons\exe-edit-icon.svg"/><file href="content/css/C:\Users\Usuario\AppData\Roaming\exelearning\data\tmp\2025\11\01\20251101070653MINKPY\tmp\localuser\export\content/css\icons\exe-evaluation-icon-green.svg"/><file href="content/css/C:\Users\Usuario\AppData\Roaming\exelearning\data\tmp\2025\11\01\20251101070653MINKPY\tmp\localuser\export\content/css\icons\exe-expand-icon-green.svg"/><file href="content/css/C:\Users\Usuario\AppData\Roaming\exelearning\data\tmp\2025\11\01\20251101070653MINKPY\tmp\localuser\export\content/css\icons\exe-games-icon-green.svg"/><file href="content/css/C:\Users\Usuario\AppData\Roaming\exelearning\data\tmp\2025\11\01\20251101070653MINKPY\tmp\localuser\export\content/css\icons\exe-image-compact-icon-green.svg"/><file href="content/css/C:\Users\Usuario\AppData\Roaming\exelearning\data\tmp\2025\11\01\20251101070653MINKPY\tmp\localuser\export\content/css\icons\exe-image-compact-icon.svg"/><file href="content/css/C:\Users\Usuario\AppData\Roaming\exelearning\data\tmp\2025\11\01\20251101070653MINKPY\tmp\localuser\export\content/css\icons\exe-image-icon-green.svg"/><file href="content/css/C:\Users\Usuario\AppData\Roaming\exelearning\data\tmp\2025\11\01\20251101070653MINKPY\tmp\localuser\export\content/css\icons\exe-import-icon-green.svg"/><file href="content/css/C:\Users\Usuario\AppData\Roaming\exelearning\data\tmp\2025\11\01\20251101070653MINKPY\tmp\localuser\export\content/css\icons\exe-import-icon.svg"/><file href="content/css/C:\Users\Usuario\AppData\Roaming\exelearning\data\tmp\2025\11\01\20251101070653MINKPY\tmp\localuser\export\content/css\icons\exe-info-icon-green.svg"/><file href="content/css/C:\Users\Usuario\AppData\Roaming\exelearning\data\tmp\2025\11\01\20251101070653MINKPY\tmp\localuser\export\content/css\icons\exe-info-icon-solid-green.svg"/><file href="content/css/C:\Users\Usuario\AppData\Roaming\exelearning\data\tmp\2025\11\01\20251101070653MINKPY\tmp\localuser\export\content/css\icons\exe-information-icon-green.svg"/><file href="content/css/C:\Users\Usuario\AppData\Roaming\exelearning\data\tmp\2025\11\01\20251101070653MINKPY\tmp\localuser\export\content/css\icons\exe-interactive-icon-green.svg"/><file href="content/css/C:\Users\Usuario\AppData\Roaming\exelearning\data\tmp\2025\11\01\20251101070653MINKPY\tmp\localuser\export\content/css\icons\exe-link-icon.svg"/><file href="content/css/C:\Users\Usuario\AppData\Roaming\exelearning\data\tmp\2025\11\01\20251101070653MINKPY\tmp\localuser\export\content/css\icons\exe-menu-icon.svg"/><file href="content/css/C:\Users\Usuario\AppData\Roaming\exelearning\data\tmp\2025\11\01\20251101070653MINKPY\tmp\localuser\export\content/css\icons\exe-move-icon-green.svg"/><file href="content/css/C:\Users\Usuario\AppData\Roaming\exelearning\data\tmp\2025\11\01\20251101070653MINKPY\tmp\localuser\export\content/css\icons\exe-move-icon.svg"/><file href="content/css/C:\Users\Usuario\AppData\Roaming\exelearning\data\tmp\2025\11\01\20251101070653MINKPY\tmp\localuser\export\content/css\icons\exe-new-icon.svg"/><file href="content/css/C:\Users\Usuario\AppData\Roaming\exelearning\data\tmp\2025\11\01\20251101070653MINKPY\tmp\localuser\export\content/css\icons\exe-open-icon.svg"/><file href="content/css/C:\Users\Usuario\AppData\Roaming\exelearning\data\tmp\2025\11\01\20251101070653MINKPY\tmp\localuser\export\content/css\icons\exe-page-icon-green.svg"/><file href="content/css/C:\Users\Usuario\AppData\Roaming\exelearning\data\tmp\2025\11\01\20251101070653MINKPY\tmp\localuser\export\content/css\icons\exe-page-icon.svg"/><file href="content/css/C:\Users\Usuario\AppData\Roaming\exelearning\data\tmp\2025\11\01\20251101070653MINKPY\tmp\localuser\export\content/css\icons\exe-palette-icon-green.svg"/><file href="content/css/C:\Users\Usuario\AppData\Roaming\exelearning\data\tmp\2025\11\01\20251101070653MINKPY\tmp\localuser\export\content/css\icons\exe-preview-icon-green.svg"/><file href="content/css/C:\Users\Usuario\AppData\Roaming\exelearning\data\tmp\2025\11\01\20251101070653MINKPY\tmp\localuser\export\content/css\icons\exe-preview-icon-white.svg"/><file href="content/css/C:\Users\Usuario\AppData\Roaming\exelearning\data\tmp\2025\11\01\20251101070653MINKPY\tmp\localuser\export\content/css\icons\exe-print-icon-green.svg"/><file href="content/css/C:\Users\Usuario\AppData\Roaming\exelearning\data\tmp\2025\11\01\20251101070653MINKPY\tmp\localuser\export\content/css\icons\exe-recent-icon-green.svg"/><file href="content/css/C:\Users\Usuario\AppData\Roaming\exelearning\data\tmp\2025\11\01\20251101070653MINKPY\tmp\localuser\export\content/css\icons\exe-report-icon-green.svg"/><file href="content/css/C:\Users\Usuario\AppData\Roaming\exelearning\data\tmp\2025\11\01\20251101070653MINKPY\tmp\localuser\export\content/css\icons\exe-save-icon-green.svg"/><file href="content/css/C:\Users\Usuario\AppData\Roaming\exelearning\data\tmp\2025\11\01\20251101070653MINKPY\tmp\localuser\export\content/css\icons\exe-save-icon-white.svg"/><file href="content/css/C:\Users\Usuario\AppData\Roaming\exelearning\data\tmp\2025\11\01\20251101070653MINKPY\tmp\localuser\export\content/css\icons\exe-save-icon.svg"/><file href="content/css/C:\Users\Usuario\AppData\Roaming\exelearning\data\tmp\2025\11\01\20251101070653MINKPY\tmp\localuser\export\content/css\icons\exe-science-icon-green.svg"/><file href="content/css/C:\Users\Usuario\AppData\Roaming\exelearning\data\tmp\2025\11\01\20251101070653MINKPY\tmp\localuser\export\content/css\icons\exe-search-icon.svg"/><file href="content/css/C:\Users\Usuario\AppData\Roaming\exelearning\data\tmp\2025\11\01\20251101070653MINKPY\tmp\localuser\export\content/css\icons\exe-settings-icon-green.svg"/><file href="content/css/C:\Users\Usuario\AppData\Roaming\exelearning\data\tmp\2025\11\01\20251101070653MINKPY\tmp\localuser\export\content/css\icons\exe-settings-icon.svg"/><file href="content/css/C:\Users\Usuario\AppData\Roaming\exelearning\data\tmp\2025\11\01\20251101070653MINKPY\tmp\localuser\export\content/css\icons\exe-share-icon-green.svg"/><file href="content/css/C:\Users\Usuario\AppData\Roaming\exelearning\data\tmp\2025\11\01\20251101070653MINKPY\tmp\localuser\export\content/css\icons\exe-share-icon.svg"/><file href="content/css/C:\Users\Usuario\AppData\Roaming\exelearning\data\tmp\2025\11\01\20251101070653MINKPY\tmp\localuser\export\content/css\icons\exe-styles-icon.svg"/><file href="content/css/C:\Users\Usuario\AppData\Roaming\exelearning\data\tmp\2025\11\01\20251101070653MINKPY\tmp\localuser\export\content/css\icons\exe-undo-icon-green.svg"/><file href="content/css/C:\Users\Usuario\AppData\Roaming\exelearning\data\tmp\2025\11\01\20251101070653MINKPY\tmp\localuser\export\content/css\icons\exe-undo-icon.svg"/><file href="content/css/C:\Users\Usuario\AppData\Roaming\exelearning\data\tmp\2025\11\01\20251101070653MINKPY\tmp\localuser\export\content/css\icons\exe-upload-cloud-icon-green.svg"/><file href="content/css/C:\Users\Usuario\AppData\Roaming\exelearning\data\tmp\2025\11\01\20251101070653MINKPY\tmp\localuser\export\content/css\icons\exe-upload-cloud-icon.svg"/><file href="content/css/C:\Users\Usuario\AppData\Roaming\exelearning\data\tmp\2025\11\01\20251101070653MINKPY\tmp\localuser\export\content/css\icons\exe-user-made-icon.svg"/><file href="content/css/C:\Users\Usuario\AppData\Roaming\exelearning\data\tmp\2025\11\01\20251101070653MINKPY\tmp\localuser\export\content/css\icons\menu.svg"/><file href="content/css/C:\Users\Usuario\AppData\Roaming\exelearning\data\tmp\2025\11\01\20251101070653MINKPY\tmp\localuser\export\content/css\icons\minus.svg"/><file href="content/css/C:\Users\Usuario\AppData\Roaming\exelearning\data\tmp\2025\11\01\20251101070653MINKPY\tmp\localuser\export\content/css\icons\plus.svg"/><file href="content/img/C:\Users\Usuario\AppData\Roaming\exelearning\data\tmp\2025\11\01\20251101070653MINKPY\tmp\localuser\export\content/img\exe_powered_logo.png"/><file href="theme/C:\Users\Usuario\AppData\Roaming\exelearning\data\tmp\2025\11\01\20251101070653MINKPY\tmp\localuser\export\theme\config.xml"/><file href="theme/C:\Users\Usuario\AppData\Roaming\exelearning\data\tmp\2025\11\01\20251101070653MINKPY\tmp\localuser\export\theme\content.css"/><file href="theme/C:\Users\Usuario\AppData\Roaming\exelearning\data\tmp\2025\11\01\20251101070653MINKPY\tmp\localuser\export\theme\default.js"/><file href="theme/C:\Users\Usuario\AppData\Roaming\exelearning\data\tmp\2025\11\01\20251101070653MINKPY\tmp\localuser\export\theme\default_licenses.gif"/><file href="theme/C:\Users\Usuario\AppData\Roaming\exelearning\data\tmp\2025\11\01\20251101070653MINKPY\tmp\localuser\export\theme\default_sprite.png"/><file href="theme/C:\Users\Usuario\AppData\Roaming\exelearning\data\tmp\2025\11\01\20251101070653MINKPY\tmp\localuser\export\theme\icons\activity.png"/><file href="theme/C:\Users\Usuario\AppData\Roaming\exelearning\data\tmp\2025\11\01\20251101070653MINKPY\tmp\localuser\export\theme\icons\agreement.png"/><file href="theme/C:\Users\Usuario\AppData\Roaming\exelearning\data\tmp\2025\11\01\20251101070653MINKPY\tmp\localuser\export\theme\icons\alert.png"/><file href="theme/C:\Users\Usuario\AppData\Roaming\exelearning\data\tmp\2025\11\01\20251101070653MINKPY\tmp\localuser\export\theme\icons\arts.png"/><file href="theme/C:\Users\Usuario\AppData\Roaming\exelearning\data\tmp\2025\11\01\20251101070653MINKPY\tmp\localuser\export\theme\icons\ask.png"/><file href="theme/C:\Users\Usuario\AppData\Roaming\exelearning\data\tmp\2025\11\01\20251101070653MINKPY\tmp\localuser\export\theme\icons\book.png"/><file href="theme/C:\Users\Usuario\AppData\Roaming\exelearning\data\tmp\2025\11\01\20251101070653MINKPY\tmp\localuser\export\theme\icons\calculate.png"/><file href="theme/C:\Users\Usuario\AppData\Roaming\exelearning\data\tmp\2025\11\01\20251101070653MINKPY\tmp\localuser\export\theme\icons\case.png"/><file href="theme/C:\Users\Usuario\AppData\Roaming\exelearning\data\tmp\2025\11\01\20251101070653MINKPY\tmp\localuser\export\theme\icons\chrono.png"/><file href="theme/C:\Users\Usuario\AppData\Roaming\exelearning\data\tmp\2025\11\01\20251101070653MINKPY\tmp\localuser\export\theme\icons\collaborative.png"/><file href="theme/C:\Users\Usuario\AppData\Roaming\exelearning\data\tmp\2025\11\01\20251101070653MINKPY\tmp\localuser\export\theme\icons\competencies.png"/><file href="theme/C:\Users\Usuario\AppData\Roaming\exelearning\data\tmp\2025\11\01\20251101070653MINKPY\tmp\localuser\export\theme\icons\diary.png"/><file href="theme/C:\Users\Usuario\AppData\Roaming\exelearning\data\tmp\2025\11\01\20251101070653MINKPY\tmp\localuser\export\theme\icons\diary_alt.png"/><file href="theme/C:\Users\Usuario\AppData\Roaming\exelearning\data\tmp\2025\11\01\20251101070653MINKPY\tmp\localuser\export\theme\icons\discuss.png"/><file href="theme/C:\Users\Usuario\AppData\Roaming\exelearning\data\tmp\2025\11\01\20251101070653MINKPY\tmp\localuser\export\theme\icons\download.png"/><file href="theme/C:\Users\Usuario\AppData\Roaming\exelearning\data\tmp\2025\11\01\20251101070653MINKPY\tmp\localuser\export\theme\icons\draw.png"/><file href="theme/C:\Users\Usuario\AppData\Roaming\exelearning\data\tmp\2025\11\01\20251101070653MINKPY\tmp\localuser\export\theme\icons\english.png"/><file href="theme/C:\Users\Usuario\AppData\Roaming\exelearning\data\tmp\2025\11\01\20251101070653MINKPY\tmp\localuser\export\theme\icons\experiment.png"/><file href="theme/C:\Users\Usuario\AppData\Roaming\exelearning\data\tmp\2025\11\01\20251101070653MINKPY\tmp\localuser\export\theme\icons\explore.png"/><file href="theme/C:\Users\Usuario\AppData\Roaming\exelearning\data\tmp\2025\11\01\20251101070653MINKPY\tmp\localuser\export\theme\icons\file.png"/><file href="theme/C:\Users\Usuario\AppData\Roaming\exelearning\data\tmp\2025\11\01\20251101070653MINKPY\tmp\localuser\export\theme\icons\gallery.png"/><file href="theme/C:\Users\Usuario\AppData\Roaming\exelearning\data\tmp\2025\11\01\20251101070653MINKPY\tmp\localuser\export\theme\icons\geography.png"/><file href="theme/C:\Users\Usuario\AppData\Roaming\exelearning\data\tmp\2025\11\01\20251101070653MINKPY\tmp\localuser\export\theme\icons\guide.png"/><file href="theme/C:\Users\Usuario\AppData\Roaming\exelearning\data\tmp\2025\11\01\20251101070653MINKPY\tmp\localuser\export\theme\icons\history.png"/><file href="theme/C:\Users\Usuario\AppData\Roaming\exelearning\data\tmp\2025\11\01\20251101070653MINKPY\tmp\localuser\export\theme\icons\info.png"/><file href="theme/C:\Users\Usuario\AppData\Roaming\exelearning\data\tmp\2025\11\01\20251101070653MINKPY\tmp\localuser\export\theme\icons\interactive.png"/><file href="theme/C:\Users\Usuario\AppData\Roaming\exelearning\data\tmp\2025\11\01\20251101070653MINKPY\tmp\localuser\export\theme\icons\letters.png"/><file href="theme/C:\Users\Usuario\AppData\Roaming\exelearning\data\tmp\2025\11\01\20251101070653MINKPY\tmp\localuser\export\theme\icons\listen.png"/><file href="theme/C:\Users\Usuario\AppData\Roaming\exelearning\data\tmp\2025\11\01\20251101070653MINKPY\tmp\localuser\export\theme\icons\math.png"/><file href="theme/C:\Users\Usuario\AppData\Roaming\exelearning\data\tmp\2025\11\01\20251101070653MINKPY\tmp\localuser\export\theme\icons\music.png"/><file href="theme/C:\Users\Usuario\AppData\Roaming\exelearning\data\tmp\2025\11\01\20251101070653MINKPY\tmp\localuser\export\theme\icons\nature.png"/><file href="theme/C:\Users\Usuario\AppData\Roaming\exelearning\data\tmp\2025\11\01\20251101070653MINKPY\tmp\localuser\export\theme\icons\objectives.png"/><file href="theme/C:\Users\Usuario\AppData\Roaming\exelearning\data\tmp\2025\11\01\20251101070653MINKPY\tmp\localuser\export\theme\icons\observe.png"/><file href="theme/C:\Users\Usuario\AppData\Roaming\exelearning\data\tmp\2025\11\01\20251101070653MINKPY\tmp\localuser\export\theme\icons\passport.png"/><file href="theme/C:\Users\Usuario\AppData\Roaming\exelearning\data\tmp\2025\11\01\20251101070653MINKPY\tmp\localuser\export\theme\icons\perform.png"/><file href="theme/C:\Users\Usuario\AppData\Roaming\exelearning\data\tmp\2025\11\01\20251101070653MINKPY\tmp\localuser\export\theme\icons\piece.png"/><file href="theme/C:\Users\Usuario\AppData\Roaming\exelearning\data\tmp\2025\11\01\20251101070653MINKPY\tmp\localuser\export\theme\icons\pieces.png"/><file href="theme/C:\Users\Usuario\AppData\Roaming\exelearning\data\tmp\2025\11\01\20251101070653MINKPY\tmp\localuser\export\theme\icons\play.png"/><file href="theme/C:\Users\Usuario\AppData\Roaming\exelearning\data\tmp\2025\11\01\20251101070653MINKPY\tmp\localuser\export\theme\icons\present.png"/><file href="theme/C:\Users\Usuario\AppData\Roaming\exelearning\data\tmp\2025\11\01\20251101070653MINKPY\tmp\localuser\export\theme\icons\reflection.png"/><file href="theme/C:\Users\Usuario\AppData\Roaming\exelearning\data\tmp\2025\11\01\20251101070653MINKPY\tmp\localuser\export\theme\icons\roadmap.png"/><file href="theme/C:\Users\Usuario\AppData\Roaming\exelearning\data\tmp\2025\11\01\20251101070653MINKPY\tmp\localuser\export\theme\icons\share.png"/><file href="theme/C:\Users\Usuario\AppData\Roaming\exelearning\data\tmp\2025\11\01\20251101070653MINKPY\tmp\localuser\export\theme\icons\sport.png"/><file href="theme/C:\Users\Usuario\AppData\Roaming\exelearning\data\tmp\2025\11\01\20251101070653MINKPY\tmp\localuser\export\theme\icons\start.png"/><file href="theme/C:\Users\Usuario\AppData\Roaming\exelearning\data\tmp\2025\11\01\20251101070653MINKPY\tmp\localuser\export\theme\icons\stop.png"/><file href="theme/C:\Users\Usuario\AppData\Roaming\exelearning\data\tmp\2025\11\01\20251101070653MINKPY\tmp\localuser\export\theme\icons\suitcase.png"/><file href="theme/C:\Users\Usuario\AppData\Roaming\exelearning\data\tmp\2025\11\01\20251101070653MINKPY\tmp\localuser\export\theme\icons\technology.png"/><file href="theme/C:\Users\Usuario\AppData\Roaming\exelearning\data\tmp\2025\11\01\20251101070653MINKPY\tmp\localuser\export\theme\icons\think.png"/><file href="theme/C:\Users\Usuario\AppData\Roaming\exelearning\data\tmp\2025\11\01\20251101070653MINKPY\tmp\localuser\export\theme\icons\think_alt.png"/><file href="theme/C:\Users\Usuario\AppData\Roaming\exelearning\data\tmp\2025\11\01\20251101070653MINKPY\tmp\localuser\export\theme\icons\video.png"/><file href="theme/C:\Users\Usuario\AppData\Roaming\exelearning\data\tmp\2025\11\01\20251101070653MINKPY\tmp\localuser\export\theme\preview.png"/><file href="common/C:\Users\Usuario\AppData\Roaming\exelearning\data\tmp\2025\11\01\20251101070653MINKPY\tmp\localuser\export\common\anyElement.xsd"/><file href="common/C:\Users\Usuario\AppData\Roaming\exelearning\data\tmp\2025\11\01\20251101070653MINKPY\tmp\localuser\export\common\dataTypes.xsd"/><file href="common/C:\Users\Usuario\AppData\Roaming\exelearning\data\tmp\2025\11\01\20251101070653MINKPY\tmp\localuser\export\common\elementNames.xsd"/><file href="common/C:\Users\Usuario\AppData\Roaming\exelearning\data\tmp\2025\11\01\20251101070653MINKPY\tmp\localuser\export\common\elementTypes.xsd"/><file href="common/C:\Users\Usuario\AppData\Roaming\exelearning\data\tmp\2025\11\01\20251101070653MINKPY\tmp\localuser\export\common\rootElement.xsd"/><file href="common/C:\Users\Usuario\AppData\Roaming\exelearning\data\tmp\2025\11\01\20251101070653MINKPY\tmp\localuser\export\common\vocabTypes.xsd"/><file href="common/C:\Users\Usuario\AppData\Roaming\exelearning\data\tmp\2025\11\01\20251101070653MINKPY\tmp\localuser\export\common\vocabValues.xsd"/><file href="extend/C:\Users\Usuario\AppData\Roaming\exelearning\data\tmp\2025\11\01\20251101070653MINKPY\tmp\localuser\export\extend\strict.xsd"/><file href="unique/C:\Users\Usuario\AppData\Roaming\exelearning\data\tmp\2025\11\01\20251101070653MINKPY\tmp\localuser\export\unique\strict.xsd"/><file href="vocab/C:\Users\Usuario\AppData\Roaming\exelearning\data\tmp\2025\11\01\20251101070653MINKPY\tmp\localuser\export\vocab\custom.xsd"/><file href="vocab/C:\Users\Usuario\AppData\Roaming\exelearning\data\tmp\2025\11\01\20251101070653MINKPY\tmp\localuser\export\vocab\lomesvocab.xsd"/><file href="vocab/C:\Users\Usuario\AppData\Roaming\exelearning\data\tmp\2025\11\01\20251101070653MINKPY\tmp\localuser\export\vocab\strict.xsd"/><file href="La Música en la Edad Media.elpx"/><file href="adlcp_rootv1p2.xsd"/><file href="content.xml"/><file href="ims_xml.xsd"/><file href="imscp_rootv1p1p2.xsd"/><file href="imslrm.xml"/><file href="imsmd_rootv1p2p1.xsd"/><file href="lom.xsd"/><file href="lomCustom.xsd"/></resource></resources></manifest>
